Date,Site H500 DC Energy (kWh),H500 clipping_loss,H500 clipping_loss_pct,Site H600 DC Energy (kWh),H600 clipping_loss,H600 clipping_loss_pct,Site H700 DC Energy (kWh),H700 clipping_loss,H700 clipping_loss_pct,Site H800 DC Energy (kWh),SB clipping_loss,SB clipping_loss_pct,SB DC Energy (kWh),SB clipping_loss,SB clipping_loss_pct,STAAC DC Energy (kWh),STAAC clipping_loss,STAAC clipping_loss_pct
03/26/19,307.57325,0,0,255.5563333,0,0,365.8303333,0,0,194.87,0,0,143.0066667,0,0,500.0616667,0,0
03/27/19,2245.30925,0,0,1874.883333,0,0,2663.118167,0,0,1413.491583,0,0,1081.35025,0,0,1798.444333,0,0
03/28/19,1196.13075,0,0,1006.794167,0,0,1438.71625,0,0,754.8915833,0,0,577.03525,0,0,953.867,0,0
03/29/19,1757.606583,0,0,1397.531583,0,0,2081.06575,0,0,1105.226167,0,0,840.8095833,0,0,1389.43725,0,0
03/30/19,1148.980167,0,0,920.6505,0,0,1380.112,0,0,730.1950833,0,0,551.7940833,0,0,918.7675,0,0
03/31/19,823.1833333,0,0,682.01625,0,0,973.2205,0,0,516.54525,0,0,392.3695833,0,0,648.3458333,0,0
04/01/19,1145.51925,4.464655735,0.389749516,931.7165833,0,0,1379.2995,0,0,726.4835833,0.358275731,0.049316425,558.8864167,0,0,918.4901667,1.023527657,0.111435886
04/02/19,1284.136583,0,0,1076.3255,0,0,1525.57225,0,0,808.557,0,0,614.0743333,0,0,1018.080583,0,0
04/03/19,1285.319917,0,0,1083.24475,0,0,1538.551583,0,0,815.7416667,0,0,617.3144167,0,0,1028.16775,0,0
04/04/19,2086.9915,0,0,1761.444083,0,0,2493.690833,0,0,1316.364083,0,0,1015.0175,0,0,1675.349417,0,0
04/05/19,1747.241083,0,0,1485.428833,0,0,2121.129667,0,0,1102.486667,0,0,857.6979167,0,0,1410.872917,0,0
04/06/19,2147.257583,0,0,1792.5165,0,0,2536.4525,0,0,1362.198417,0,0,1037.072917,0,0,1737.181833,0,0
04/07/19,2313.345,0,0,1948.027833,0,0,2762.5545,0,0,1461.401917,0,0,1114.35975,0,0,1858.889083,0,0
04/08/19,1654.376417,0,0,1374.7055,0,0,1945.0805,0,0,1041.937167,0,0,781.252,0,0,1302.469417,0,0
04/09/19,1534.872833,0,0,1285.968167,0,0,1829.466667,0,0,964.8681667,0,0,727.6673333,0,0,1209.752083,0,0
04/10/19,1354.39425,0,0,1126.52475,0,0,1595.586667,0,0,852.92475,0,0,650.92325,0,0,1077.55025,0,0
04/11/19,814.6881667,0,0,685.8036667,0,0,975.7093333,0,0,515.7838333,0,0,398.1453333,0,0,652.9376667,0,0
04/12/19,1795.611917,0,0,1535.805333,0,0,2178.075083,0,0,1146.145,0,0,871.9478333,0,0,1447.842333,0,0
04/13/19,1976.037417,0,0,1675.198833,0,0,2389.016583,0,0,1250.186167,0,0,950.86925,0,0,1577.766833,0,0
04/14/19,1044.58675,0,0,880.72575,0,0,1257.891417,0,0,663.1450833,0,0,509.7556667,0,0,834.718,0,0
04/15/19,2070.949333,0,0,1747.459333,0,0,2457.909417,0,0,1312.421,0,0,1006.0375,0,0,1672.188833,0,0
04/16/19,1899.644333,0,0,1585.97125,0,0,2255.255667,0,0,1194.88575,0,0,920.308,0,0,1520.344,0,0
04/17/19,2028.175083,0,0,1686.313083,0,0,2422.656333,0,0,1268.96175,0,0,968.0871667,0,0,1606.519833,0,0
04/18/19,1867.39975,0,0,1602.804833,0,0,2267.661417,0,0,1187.471333,0,0,946.5699167,0,0,1555.731667,0,0
04/19/19,1625.773,0,0,1375.109583,0,0,1943.077083,0,0,1024.895917,0,0,784.418,0,0,1300.70225,0,0
04/20/19,933.9575833,0,0,784.9895833,0,0,1113.1955,0,0,593.0674167,0,0,452.1774167,0,0,746.26775,0,0
04/21/19,1720.487417,0,0,1436.3715,0,0,2047.996917,0,0,1082.547583,0,0,818.6670833,0,0,1358.627,0,0
04/22/19,1321.43,0,0,1121.49375,0,0,1596.348333,0,0,839.66275,0,0,644.1799167,0,0,1056.109833,0,0
04/23/19,833.2044167,0.266989806,0.032043734,705.3765,0,0,1002.568917,0,0,527.99425,0,0,413.3699167,0,0,668.8224167,0,0
04/24/19,1147.75825,0,0,973.8135833,0,0,1378.929167,0,0,730.89675,0,0,559.7715833,0,0,924.78025,0,0
04/25/19,921.3709167,0,0,798.1235,0,0,1108.920583,0,0,601.54375,0,0,483.1634167,0,0,787.6471667,0,0
04/26/19,282.5781667,0,0,239.4521667,0,0,339.8275833,0,0,180.2345833,0,0,139.4143333,0,0,226.5765833,0,0
04/27/19,1157.977833,0,0,977.7398333,0,0,1384.6865,0,0,734.408,0,0,556.8320833,0,0,923.5975,0,0
04/28/19,1929.243167,0.186069905,0.00964471,1626.382917,0,0,2301.068083,0.203075891,0.008825288,1224.053167,0,0,933.026,0,0,1548.619667,0,0
04/29/19,1645.304,0,0,1384.6445,0,0,1966.973333,0,0,1039.506833,0,0,798.3515,0,0,1312.451,0,0
04/30/19,1152.05525,4.716211702,0.409373743,988.8645833,0,0,1393.344833,0,0,736.33375,0.608391473,0.082624418,568.7505,2.052894716,0.360948204,934.8961667,0.858621105,0.091841333
05/01/19,1252.182667,0.987163734,0.078835442,1059.283083,0,0,1502.252083,0,0,792.39,0,0,604.1560833,0,0,996.5920833,0,0
05/02/19,1031.527,0,0,890.9924167,0,0,1261.347417,0,0,657.7585833,0,0,525.5173333,0,0,855.5953333,0,0
05/03/19,1188.035583,0,0,1001.861167,0,0,1428.54725,0,0,750.65675,0,0,575.9964167,0,0,940.062,0,0
05/04/19,1034.294417,0,0,879.4916667,0,0,1244.81425,0,0,661.9129167,0,0,516.9189167,0,0,848.02225,0,0
05/05/19,1595.167417,0,0,1313.287083,0,0,1919.156167,0,0,1016.707167,0,0,775.92925,0,0,1277.245333,0,0
05/06/19,2184.531417,0,0,1828.136917,0,0,2628.960417,0,0,1386.24275,0,0,1061.964167,0,0,1758.155667,0,0
05/07/19,2023.33975,0,0,1716.221,0,0,2435.07075,0,0,1282.590583,0,0,987.4189167,0,0,1623.41725,0,0
05/08/19,859.2083333,0,0,723.431,0,0,1030.75875,0,0,543.3946667,0,0,416.7280833,0,0,684.005,0,0
05/09/19,1890.53925,0,0,1582.434583,0,0,2268.638167,0,0,1195.966333,0,0,930.2964167,0,0,1525.38325,0,0
05/10/19,1997.0135,0,0,1673.559167,0,0,2378.219917,0,0,1256.898,0,0,962.0468333,0,0,1579.873,0,0
05/11/19,1001.946917,0,0,852.9268333,0,0,1209.554083,0,0,636.86025,0,0,497.193,0,0,812.9716667,0,0
05/12/19,1130.58675,0,0,971.0371667,0,0,1380.6545,0,0,720.0281667,0,0,575.2875,0,0,930.08575,0,0
05/13/19,1017.382,0,0,864.7369167,0,0,1225.621333,0,0,641.3863333,0,0,494.6259167,0,0,810.4666667,0,0
05/14/19,1615.298167,0,0,1364.710417,0,0,1957.149333,0,0,1017.581583,0,0,781.5265833,0,0,1280.5565,0,0
05/15/19,769.25225,0,0,647.1211667,0,0,922.8194167,0,0,484.1769167,0,0,365.309,0,0,608.6914167,0,0
05/16/19,1561.556333,0,0,1272.859833,0,0,1874.703083,0,0,988.55425,0,0,763.0693333,0,0,1251.059,0,0
05/17/19,1543.568833,0,0,1265.570083,0,0,1867.36225,0,0,974.0435,0,0,749.2933333,0,0,1232.3125,0,0
05/18/19,1704.382917,0,0,1436.868917,0,0,2056.568417,0,0,1075.480167,0,0,835.1580833,0,0,1372.45525,0,0
05/19/19,1233.123917,0,0,1046.913583,0,0,1490.01575,0,0,781.3541667,0,0,598.6799167,0,0,981.5924167,0,0
05/20/19,1619.541917,0,0,1376.25775,0,0,1953.410417,0,0,1023.51175,0,0,788.4121667,0,0,1288.748333,0,0
05/21/19,1455.678583,0,0,1213.233583,0,0,1707.945083,0,0,905.7054167,0,0,675.5194167,0,0,1124.0545,0,0
05/22/19,1019.9245,0,0,859.48325,0,0,1211.457417,0,0,644.1965,0,0,498.8668333,0,0,814.3358333,0,0
05/23/19,1778.007917,0,0,1516.7485,0,0,2169.21375,0,0,1125.092583,0,0,874.54525,0,0,1427.7385,0,0
05/24/19,2045.612167,0,0,1752.90375,0,0,2464.409,0,0,1306.644917,0,0,995.28025,0,0,1652.998083,0,0
05/25/19,1093.175833,0,0,925.8448333,0,0,1315.38925,0,0,683.4188333,0,0,531.6691667,0,0,860.3358333,0,0
05/26/19,1438.16125,0,0,1217.721583,0,0,1755.780833,0,0,907.7965,0,0,695.3476667,0,0,1134.4245,0,0
05/27/19,1655.8915,0,0,1433.926667,0,0,2053.355417,0,0,1057.883583,0,0,830.9380833,0,0,1355.452083,0,0
05/28/19,1879.87725,0.784259281,0.041718643,1569.098333,0,0,2208.477333,0,0,1187.58175,0,0,892.7959167,0.146524523,0.016411872,1475.333333,0.15433841,0.010461257
05/29/19,1375.808833,0,0,1155.028083,0,0,1636.15025,0,0,866.6391667,0,0,663.3279167,0,0,1090.991917,0,0
05/30/19,1073.728583,0,0,912.0626667,0,0,1298.829333,0,0,681.601,0,0,532.0454167,0,0,868.7114167,0,0
05/31/19,1414.215083,0,0,1182.053667,0,0,1670.627917,0,0,886.1438333,0,0,675.948,0,0,1113.185083,0,0
06/01/19,1267.598083,0,0,1077.220583,0,0,1528.95875,0,0,802.5848333,0,0,635.98875,0,0,1030.398917,0,0
06/02/19,1617.571917,0,0,1371.06025,0,0,1916.267167,0,0,1032.075083,0,0,798.2849167,0,0,1317.845333,0,0
06/03/19,744.4331667,0,0,623.292,0,0,886.4425,0,0,465.093,0,0,357.7943333,0,0,583.4664167,0,0
06/04/19,1082.908167,0,0,917.93925,0,0,1303.658917,0,0,680.797,0,0,532.0305833,0,0,868.8018333,0,0
06/05/19,1332.9535,0,0,1146.792417,0,0,1625.246,0,0,844.3970833,0,0,660.5426667,0,0,1077.136667,0,0
06/06/19,526.3613333,0,0,442.42975,0,0,627.6731667,0,0,334.9444167,0,0,254.0925833,0,0,417.5038333,0,0
06/07/19,579.0704167,0,0,488.3024167,0,0,692.66225,0,0,368.3958333,0,0,280.6886667,0,0,461.4669167,0,0
06/08/19,962.7049167,0,0,821.6663333,0,0,1173.052667,0,0,613.79375,0,0,470.9315833,0,0,773.3638333,0,0
06/09/19,1516.24625,0,0,1280.462417,0,0,1834.333,0,0,952.3331667,0,0,728.48375,0,0,1198.143167,0,0
06/10/19,1780.172083,0,0,1515.03675,0,0,2152.420667,0,0,1128.415917,0,0,875.7405833,0,0,1425.960667,0,0
06/11/19,1772.329417,0,0,1498.911583,0,0,2120.81,0,0,1125.05625,0,0,856.5469167,0,0,1405.463333,0,0
06/12/19,1222.440167,0,0,1038.838083,0,0,1472.638917,0,0,774.7305,0,0,600.4204167,0,0,980.2971667,0,0
06/13/19,1085.378583,0,0,921.2806667,0,0,1306.498917,0,0,687.9015833,0,0,525.7505,1.543125389,0.293509067,863.6650833,1.239533515,0.143520161
06/14/19,1569.1785,0,0,1326.538083,0,0,1891.250667,0,0,988.4539167,0,0,772.3750833,0,0,1262.472833,0,0
06/15/19,1515.43475,0,0,1274.060917,0,0,1800.471167,0,0,951.8525,0,0,728.2383333,0,0,1190.77525,0,0
06/16/19,1777.852833,0,0,1509.613417,0,0,2144.905917,0,0,1121.22625,0,0,866.8040833,0,0,1420.500167,0,0
06/17/19,1226.026417,0,0,1044.065417,0,0,1484.43375,0,0,777.83725,0,0,596.2248333,0,0,977.5900833,0,0
06/18/19,719.5973333,0,0,609.16225,0,0,864.3755833,0,0,457.591,0,0,348.11125,0,0,573.609,0,0
06/19/19,796.6059167,0,0,672.58225,0,0,954.2335,0,0,503.8925,0,0,386.5084167,0,0,632.9855833,0,0
06/20/19,1461.134167,1.044272134,0.071469969,1233.985833,0,0,1752.493,0,0,921.2520833,0,0,704.36875,0,0,1156.10325,0,0
06/21/19,1269.89,0,0,1080.86,0,0,1532.64,0,0,805.92,0,0,619.2,0,0,1017.01,0,0
06/22/19,993.17,0,0,843.19,0,0,1194.18,0,0,628.24,0,0,490.6,0,0,802.72,0,0
06/23/19,1779.15,0,0,1455.5385,0,0,2137.84,0,0,1124.28,0,0,882.49,0,0,1439.62,0,0
06/24/19,1297.47,0,0,1112.68,0,0,1569.11,0,0,828.45,0,0,646.17,0,0,1053.33,0,0
06/25/19,1876.87,0,0,1596.12,0,0,2268.13,0,0,1179.68,0,0,913.87,0,0,1487.14,0,0
06/26/19,1279.68,0.293850638,0.022962822,1082.93,0,0,1543.17,0,0,808.79,0,0,626.18,0.300464477,0.047983723,1023.2,0.207861724,0.020314868
06/27/19,1629.64,0,0,1398.45,0,0,1974.12,0,0,1041.12,0,0,816.37,0,0,1333.46,0,0
06/28/19,1821.26,0,0,1558.21,0,0,2206.54,0,0,1152.67,0,0,890.68,0,0,1460.58,0,0
06/29/19,1166.16,0,0,998.39,0,0,1407.33,0,0,747.19,0,0,572.41,0,0,941.34,0,0
06/30/19,1688.16,0,0,1433.98,0,0,2021.28,0,0,1070.77,0,0,827.48,0,0,1357.37,0,0
07/01/19,1731.28,0,0,1478.95,0,0,2125.06,0,0,1088.43,0,0,838.04,0,0,1368.21,0,0
07/02/19,1503.46,0,0,1268.1,0,0,1788.75,0,0,948.95,0,0,720.8,0,0,1186.69,0,0
07/03/19,969.36,0,0,817.27,0,0,1161.61,0,0,612.09,0,0,472.86,0,0,770.9,0,0
07/04/19,466.11,0,0,397.22,0,0,578.61,0,0,293.89,0,0,223.8,0,0,367.28,0,0
07/05/19,1872.75,0,0,1620.58,0,0,2314.27,0,0,1197.13,0,0,931.91,0,0,1523.83,0,0
07/06/19,1354.24,0,0,1155.45,0,0,1651.8,0,0,855.11,0,0,670.87,0,0,1081.42,0,0
07/07/19,967.11,0,0,821.78,0,0,1169,0,0,608.27,0,0,467.75,0,0,762.06,0,0
07/08/19,1422.95,0,0,1214.84,0,0,1712.13,0,0,900.31,0,0,694.16,0,0,1135.81,0,0
07/09/19,1162.11,0,0,979.73,0,0,1391.36,0,0,735.02,0,0,553.97,0,0,919.57,0,0
07/10/19,1920.05,0,0,1580.848417,0,0,2354.8,0,0,1227.79,0,0,960.64,0,0,1573.15,0,0
07/11/19,2016.79,0,0,1682.30725,0,0,2450.98,0,0,1281.97,0,0,990.3,0,0,1620.04,0,0
07/12/19,1853.78,0,0,1585.86,0,0,2251.01,0,0,1177.47,0,0,918.57,0,0,1494.9,0,0
07/13/19,1752,0,0,1514.05,0,0,2144.88,0,0,1124.46,0,0,876.15,0,0,1446.26,0,0
07/14/19,1643.36,0,0,1403.65,0,0,2016.93,0,0,1038.38,0,0,796.57,0,0,1305.17,0,0
07/15/19,561.71,0,0,472.94,0,0,673.05,0,0,356.15,0,0,272.48,0,0,446.46,0,0
07/16/19,1191.16,0,0,1009.98,0,0,1440.86,0,0,753.26,0,0,581.27,0,0,950.57,0,0
07/17/19,1638.47,0,0,1387.86,0,0,1954.26,0,0,1043.04,0,0,793.59,0,0,1307.61,0,0
07/18/19,1686.65,0,0,1432.04,0,0,2014.08,0,0,1069.21,0,0,816.46,0,0,1342.45,0,0
07/19/19,2073.57,0,0,1767.42,0,0,2519.48,0,0,1313.21,0,0,1013.79,0,0,1663.52,0,0
07/20/19,1501.15,0,0,1295.16,0,0,1835.74,0,0,953.58,0,0,755.29,0,0,1219.28,0,0
07/21/19,1178.26,0,0,1013.91,0,0,1405.65,0,0,759.76,0,0,596.53,0,0,979.18,0,0
07/22/19,1160.05,0,0,980.6,0,0,1404.23,0,0,740.17,0,0,547.07,0,0,920.09,0,0
07/23/19,956.92,0,0,812.02,0,0,1143.74,0,0,607.98,0,0,466.09,0,0,767.69,0,0
07/24/19,1377.89,0.205883334,0.014941928,1178.76,0,0,1664.06,0,0,881.54,0,0,665.98,0,0,1102.81,0,0
07/25/19,1508.82,0,0,1286.16,0,0,1822.18,0,0,954.55,0,0,729.66,0,0,1195.42,0,0
07/26/19,1602.56,0,0,1378.6,0,0,1961.46,0,0,1022.39,0,0,788.79,0,0,1288.51,0,0
07/27/19,1453.12,0,0,1250.27,0,0,1772.69,0,0,919.3,0,0,721.81,0,0,1168.16,0,0
07/28/19,1786.63,0,0,1519,0,0,2166.11,0,0,1130.15,0,0,852.44,0,0,1406.88,0,0
07/29/19,1659,0,0,1413.12,0,0,1992.1,0,0,1055.45,0,0,812.41,0,0,1332.29,0,0
07/30/19,1362.9,0,0,1153.72,0,0,1649.52,0,0,858.51,0,0,652.28,0,0,1071.69,0,0
07/31/19,2048.34,0,0,1746.25,0,0,2501.75,0,0,1293.87,0,0,996.41,0,0,1630.78,0,0
08/01/19,1789.97,0,0,1530.47,0,0,2200.9,0,0,1132.42,0,0,877.46,0,0,1433.31,0,0
08/02/19,2097.27,0,0,1788.99,0,0,2572.21,0,0,1321.37,0,0,1026.17,0,0,1666.8,0,0
08/03/19,1608.86,0,0,1370.56,0,0,1942.21,0,0,1021.91,0,0,786.18,0,0,1292.78,0,0
08/04/19,1423.98,0,0,1209.62,0,0,1725.89,0,0,902.05,0,0,690.07,0,0,1132.98,0,0
08/05/19,1429.91,0,0,1219.77,0,0,1730.39,0,0,909.7,0,0,697.97,0,0,1144.56,0,0
08/06/19,1216.85,0,0,1044.38,0,0,1487.79,0,0,777.1,0,0,597,0,0,975.43,0,0
08/07/19,942.28,0,0,796.8,0,0,1139.97,0,0,597.16,0,0,463.4,0,0,751.88,0,0
08/08/19,1361.35,0,0,1159.15,0,0,1649.99,0,0,863.19,0,0,648.39,0,0,1067.4,0,0
08/09/19,1407.35,0,0,1161.8545,0,0,1706.74,0,0,896.88,0,0,673.19,0,0,1111.24,0,0
08/10/19,1530.65,0,0,1309.39,0,0,1854.91,0,0,975.43,0,0,731.14,0,0,1211.17,0,0
08/11/19,1663.15,0,0,1424.83,0,0,2038.65,0,0,1056.88,0,0,801.8,0,0,1322.51,0,0
08/12/19,1774.23,0,0,1524.45,0,0,2172.57,0,0,1127.96,0,0,857.65,0,0,1415.84,0,0
08/13/19,1508.29,0,0,1275.24,0,0,1823.73,0,0,951.01,0,0,711.71,0,0,1176.28,0,0
08/14/19,1406.89,0,0,1188.92,0,0,1699.59,0,0,887.05,0,0,662.74,0,0,1094.98,0,0
08/15/19,1609.03,0,0,1360.05,0,0,1942.74,0,0,1013.49,0,0,772.56,0,0,1272.89,0,0
08/16/19,2045.15,0,0,1740.69,0,0,2480.02,0,0,1295.69,0,0,982.23,0,0,1621.45,0,0
08/17/19,1328.95,0,0,1127.05,0,0,1586.12,0,0,847.07,0,0,641.36,0,0,1061.16,0,0
08/18/19,2214.99,0,0,1797.197167,0,0,2665.66,0,0,1415.35,0,0,1065.68,0,0,1769.76,0,0
08/19/19,1996.18,0,0,1707.63,0,0,2438.76,0,0,1274.7,0,0,977.39,0,0,1608.64,0,0
08/20/19,1821.23,0,0,1577.42,0,0,2279.73,0,0,1171.25,0,0,907.54,0,0,1491.6,0,0
08/21/19,1802.81,0,0,1528.5,0,0,2196.55,0,0,1137.39,0,0,872.4,0,0,1429.59,0,0
08/22/19,1932.83,0,0,1648.08,0,0,2385.63,0,0,1222.24,0,0,942.82,0,0,1549.05,0,0
08/23/19,0,0,,0,0,,0,0,,0,0,,0,0,,0,0,
08/24/19,0,0,,0,0,,0,0,,0,0,,0,0,,0,0,
08/25/19,0,0,,0,0,,0,0,,0,0,,0,0,,0,0,
08/26/19,950.6,0,0,793.04,0,0,1136.46,0,0,600.7,0,0,447.88,0,0,728.62,0,0
08/27/19,1413.69,0,0,1192.64,0,0,1703.83,0,0,893.49,0,0,686.93,0,0,1132.29,0,0
08/28/19,646.97,0,0,545.01,0,0,774.34,0,0,410.74,0,0,312.4,0,0,513.53,0,0
08/29/19,1850.67,0,0,1567.29,0,0,2236.37,0,0,1174.65,0,0,893.59,0,0,1474.21,0,0
08/30/19,1866.91,0,0,1493.165333,0,0,2261.71,0,0,1182.36,0,0,904.11,0,0,1491.82,0,0
08/31/19,1871.64,0,0,1598.43,0,0,2308.47,0,0,1188.52,0,0,918.37,0,0,1507.54,0,0
09/01/19,2003.9,0,0,1687.95,0,0,2414.35,0,0,1270.74,0,0,964.11,0,0,1597.26,0,0
09/02/19,1799.88,0,0,1531.06,0,0,2180.13,0,0,1145.47,0,0,868.73,0,0,1440.3,0,0
09/03/19,1849.86,0,0,1560.09,0,0,2236.84,0,0,1170.66,0,0,894.54,0,0,1472.23,0,0
09/04/19,1548.54,0,0,1314.89,0,0,1876.32,0,0,982.47,0,0,751.25,0,0,1242.28,0,0
09/05/19,1738.88,0,0,1476.25,0,0,2112.22,0,0,1108.25,0,0,841.15,0,0,1390.84,0,0
09/06/19,1945.4,0,0,1641.68,0,0,2368.63,0,0,1224.2,0,0,941.32,0,0,1552.95,0,0
09/07/19,1881.82,0,0,1584.9,0,0,2267.26,0,0,1193.04,0,0,904.27,0,0,1498.66,0,0
09/08/19,1885.02,0,0,1582.5,0,0,2250.38,0,0,1197.62,0,0,904.29,0,0,1502.71,0,0
09/09/19,1701.01,0,0,1436.1,0,0,2041.84,0,0,1079.73,0,0,814.22,0,0,1351.9,0,0
09/10/19,1773.62,0,0,1502.15,0,0,2149.82,0,0,1122.12,0,0,854.52,0,0,1408.52,0,0
09/11/19,2045.48,0,0,1726.63,0,0,2441.88,0,0,1304.23,0,0,987.31,0,0,1645.01,0,0
09/12/19,1669.37,0,0,1417.15,0,0,2014.85,0,0,1063.5,0,0,814.67,0,0,1346.86,0,0
09/13/19,1627.73,0,0,1378.18,0,0,1971.16,0,0,1032.12,0,0,789.44,0,0,1300.66,0,0
09/14/19,755.12,0,0,637.2,0,0,904.9,0,0,479.75,0,0,366.27,0,0,602.93,0,0
09/15/19,1407.67,0,0,1191.24,0,0,1702.22,0,0,893.43,0,0,678.61,0,0,1120.4,0,0
09/16/19,1775.38,0,0,1495.51,0,0,2141.19,0,0,1123.89,0,0,847.91,0,0,1405.85,0,0
09/17/19,1704.94,0,0,1440.61,0,0,2057.46,0,0,1080.57,0,0,820.4,0,0,1357.72,0,0
09/18/19,1452.38,0,0,1230.61,0,0,1747.53,0,0,924.77,0,0,700.57,0,0,1158.34,0,0
09/19/19,1767.05,0,0,1505.89,0,0,2141.67,0,0,1129.23,0,0,855.71,0,0,1417.45,0,0
09/20/19,1437.26,0,0,1216.38,0,0,1737.13,0,0,912.19,0,0,692.74,0,0,1144.5,0,0
09/21/19,2197.85,0,0,1864.24,0,0,2656.44,0,0,1405,0,0,1060.89,0,0,1759.83,0,0
09/22/19,2010.25,0,0,1686.62,0,0,2414.42,0,0,1274.73,0,0,970.4,0,0,1608.78,0,0
09/23/19,1319.63,0,0,1103.28,0,0,1574.34,0,0,835.99,0,0,632.89,0,0,1047.68,0,0
09/24/19,1427.8,0,0,1192.5,0,0,1712.01,0,0,903.44,0,0,680.45,0,0,1128.29,0,0
09/25/19,675.41,0,0,566.52,0,0,815.09,0,0,429.95,0,0,334.25,0,0,543.06,0,0
09/26/19,1743.88,0,0,1476.57,0,0,2110.88,0,0,1106.26,0,0,856.31,0,0,1415,0,0
09/27/19,1727.76,0,0,1475.93,0,0,2105.65,0,0,1097.98,0,0,853.99,0,0,1407.54,0,0
09/28/19,1638.14,0,0,1406.28,0,0,2009,0,0,1049.41,0,0,829.56,0,0,1358.65,0,0
09/29/19,1413.98,0,0,1206.06,0,0,1713.64,0,0,905.07,0,0,677.8,0,0,1133.41,0,0
09/30/19,1551.25,0,0,1310.74,0,0,1861.39,0,0,986.1,0,0,751.96,0,0,1250.2,0,0
10/01/19,1510.78,0,0,1276.31,0,0,1837.9,0,0,959.85,0,0,735.16,0,0,1217.06,0,0
10/02/19,1152.93,0,0,983.72,0,0,1401.470083,0,0,736.45,0,0,562.66,0,0,932.36,0,0
10/03/19,1470.74,0,0,1250.64,0,0,1793.5,0,0,939.46,0,0,715.26,0,0,1186.75,0,0
10/04/19,1656.04,0,0,1407.33,0,0,1997.41,0,0,1060.54,0,0,806.2,0,0,1342.92,0,0
10/05/19,1722.97,0,0,1460.75,0,0,2098.94,0,0,1096.53,0,0,847.94,0,0,1405.31,0,0
10/06/19,1592.0475,0,0,1297.754583,0,0,1926.354417,0,0,1003.069,0,0,776.9293333,0,0,1278.517167,0,0
10/07/19,1191.84,0,0,1008.56,0,0,1436.34,0,0,758.43,0,0,578.51,0,0,961.65,0,0
10/08/19,1666.26,0,0,1411.93,0,0,2029.92,0,0,1062.42,0,0,833.9,0,0,1367.49,0,0
10/09/19,1697.641583,0,0,1404.554917,0,0,2044.634583,0,0,1079.162,0,0,825.5746667,0,0,1368.916167,0,0
10/10/19,1496.62,0,0,1266.5,0,0,1815.62,0,0,952.69,0,0,725.35,0,0,1207.9,0,0
10/11/19,2274.31,0,0,1887.01,0,0,2705.35,0,0,1435.74,0,0,1079.42,0,0,1803.91,0,0
10/12/19,1476.21,0,0,1264,0,0,1804.05,0,0,945.57,0,0,737.91,0,0,1219.45,0,0
10/13/19,1503.73,0,0,1245.69,0,0,1803.63,0,0,944.88,0,0,711.27,0,0,1177.37,0,0
10/14/19,2183.94,0,0,1821.71,0,0,2601.03,0,0,1380.97,0,0,1038.72,0,0,1741.81,0,0
10/15/19,0,0,,0,0,,0,0,,0,0,,0,0,,0,0,
10/16/19,12.49,0,0,10.26,0,0,14.85,0,0,7.79,0,0,5.7,0,0,6.46,0,0
10/17/19,1114.96,0,0,919.29,0,0,1323.21,0,0,704.54,0,0,520.15,0,0,877.21,0,0
10/18/19,1301.38,0,0,1087.98,0,0,1573.38,0,0,824.66,0,0,629.57,0,0,1044.17,0,0
10/19/19,1537.32,0,0,1302.43,0,0,1866.4,0,0,978.05,0,0,746.57,0,0,1239.49,0,0
10/20/19,1813.78,0,0,1517.65,0,0,2195.66,0,0,1146.77,0,0,876.35,0,0,1461.3,0,0
10/21/19,1278.94,0.010424675,0.000815103,1056.69,0.176219259,0.016676533,1529.95,0,0,805.45,0,0,624.63,0.024823068,0.003974044,1020.88,0.140055055,0.013719052
10/22/19,756.17,0,0,640.71,0,0,914.4,0,0,481.54,0,0,369.87,0,0,607.86,0,0
10/23/19,1176.53,0,0,981.5,0,0,1400.17,0,0,742.41,0,0,561.82,0,0,932.43,0,0
10/24/19,1259.56,0,0,1062.22,0,0,1518.33,0,0,799.85,0,0,605.17,0,0,1010,0,0
10/25/19,1816.65,0,0,1532.11,0,0,2182.38,0,0,1159.48,0,0,889.84,0,0,1487.67,0,0
10/26/19,957.7,0,0,799.99,0,0,1142.99,0,0,605.19,0,0,461.34,0,0,765.2,0,0
10/27/19,1764.9,0,0,1484.43,0,0,2120.23,0,0,1123.72,0,0,846.45,0,0,1420.09,0,0
10/28/19,1318.65,0,0,1114.67,0,0,1592.6,0,0,842.22,0,0,643.86,0,0,1067.91,0,0
10/29/19,1584.19,0,0,1333.55,0,0,1926.5,0,0,1001.02,0,0,759.61,0,0,1266.51,0,0
10/30/19,1122.32,0,0,936.51,0,0,1335.42,0,0,712.34,0,0,537.87,0,0,895.72,0,0
10/31/19,1091.54,0,0,913.79,0,0,1300.16,0,0,689.17,0,0,518.24,0,0,859.67,0,0
11/01/19,1620.13,0,0,1349.53,0,0,1926.64,0,0,1025.74,0,0,777.19,0,0,1291.12,0,0
11/02/19,1731.63,0,0,1445.43,0,0,2063.04,0,0,1096.53,0,0,823.89,0,0,1377.84,0,0
11/03/19,1250.76,0,0,1060.71,0,0,1508.48,0,0,804.7,0,0,613.21,0,0,1023.16,0,0
11/04/19,1359.76,0,0,1151.04,0,0,1653.79,0,0,873.08,0,0,668.29,0,0,1111.09,0,0
11/05/19,958.97,0,0,807.92,0,0,1160.27,0,0,610.41,0,0,464.7,0,0,767.27,0,0
11/06/19,1756.42,0,0,1468.15,0,0,2142.12,0,0,1105.38,0,0,841.95,0,0,1399.77,0,0
11/07/19,1801.85,0,0,1506.97,0,0,2176.59,0,0,1136.1,0,0,857.88,0,0,1435.91,0,0
11/08/19,1339.71,6.081835801,0.45396659,1136.12,2.431343144,0.214004079,1622.28,1.709025017,0.105347105,855.67,1.086750566,0.127005804,647.47,0.792606071,0.122415876,1080.66,1.1567979,0.1070455
11/09/19,1611.77,0,0,1326.36,0,0,1899.59,0,0,1012.06,0,0,747.72,0,0,1252.6,0,0
11/10/19,2020.54,0,0,1691.7,0,0,2428.46,0,0,1282.88,0,0,965.52,0,0,1619.92,0,0
11/11/19,1435.57,0,0,1134.562917,0,0,1719.31,0,0,912.12,0,0,687.29,0,0,1142.48,0,0
11/12/19,854.02,0,0,724.85,0,0,1039.01,0,0,544.36,0,0,420.38,0,0,691.97,0,0
11/13/19,1536.95,0,0,1297.34,0,0,1854.54,0,0,980.48,0,0,747.66,0,0,1246.8,0,0
11/14/19,1173.35,0,0,921.6836667,0,0,1398.08,0,0,742.46,0,0,547.65,0,0,921.11,0,0
11/15/19,1234.46,0,0,1038.84,0,0,1477.12,0,0,786.13,0,0,587.14,0,0,980.08,0,0
11/16/19,1140.97,0,0,949.65,0,0,1378.2,0,0,725.39,0,0,562.7,0,0,928.51,0,0
11/17/19,210.8646667,0,0,173.7984167,0,0,253.312,0,0,132.2023333,0,0,95.437,0,0,161.6295833,0,0
11/18/19,12.79375,0,0,10.64491667,0,0,15.25458333,0,0,7.972666667,0,0,6.215666667,0,0,9.97375,0,0
11/19/19,1392.56,0,0,1176.5,0,0,1675.65,0,0,885.26,0,0,670.58,0,0,1116.78,0,0
11/20/19,634.87,0,0,534.17,0,0,758.57,0,0,403.83,0,0,302.76,0,0,501.12,0,0
11/21/19,910.45,0,0,764.94,0,0,1089.89,0,0,577.73,0,0,438.7,0,0,723.96,0,0
11/22/19,1251.83,0,0,1044.19,0,0,1498.99,0,0,787.47,0,0,605.42,0,0,1001.73,0,0
11/23/19,1310.93,0,0,1088.91,0,0,1562.45,0,0,827.8,0,0,622.04,0,0,1035.03,0,0
11/24/19,1529.01,0,0,1279.15,0,0,1833.84,0,0,967.4,0,0,730.41,0,0,1223.66,0,0
11/25/19,1960.42,0,0,1638.22,0,0,2340.62,0,0,1244.87,0,0,938.91,0,0,1582.94,0,0
11/26/19,1620.47,0,0,1333.86,0,0,1929.72,0,0,1022.08,0,0,762.18,0,0,1284.75,0,0
11/27/19,1296.59,0.4183086,0.032262211,1077.81,0,0,1564.97,0.836244825,0.053435198,815.21,0,0,616.62,0,0,1029.08,0.165176272,0.016050868
11/28/19,1287.25,0,0,1050.89,0,0,1531.48,0,0,806.33,0,0,615.36,0,0,1020.27,0,0
11/29/19,717.92,0,0,582.94,0,0,855.23,0,0,451.18,0,0,329.45,0,0,547.19,0,0
11/30/19,1322.108583,0,0,1117.730167,0,0,1584.988917,0,0,851.1445,0,0,647.3440833,0,0,1090.918083,0,0
12/01/19,1298.675083,0,0,1089.24,0,0,1574.32,0,0,835.05,0,0,627.93,0,0,1054.92,0,0
12/02/19,1175.33,0,0,973.94,0,0,1407.75,0,0,742.68,0,0,558.13,0,0,931.92,0,0
12/03/19,1356.67,0,0,1139.69,0,0,1631.69,0,0,862.73,0,0,652.77,0,0,1084.17,0,0
12/04/19,1606.34,0,0,1347.51,0,0,1962.16,0,0,1018.85,0,0,776.25,0,0,1290.88,0,0
12/05/19,144.22,0,0,121.56,0,0,173.55,0,0,91.42,0,0,69.94,0,0,114.58,0,0
12/06/19,1349.37,0,0,1135.24,0,0,1644.07,0,0,850.79,0,0,643.37,0,0,1069.57,0,0
12/07/19,906.26,0,0,791.2636667,0,0,1116.83,0,0,584.81,0,0,471.6453333,0,0,789.47,0,0
12/08/19,701.33,0,0,589.96,0,0,840.82,0,0,445.39,0,0,337.37,0,0,556.55,0,0
12/09/19,541.86,0,0,453.6,0,0,644.46,0,0,343.69,0,0,259.37,0,0,428.69,0,0
12/10/19,347.9,0,0,293.28,0,0,416.59,0,0,221.8,0,0,168.43,0,0,275.85,0,0
12/11/19,384.63,0,0,322.49,0,0,459.91,0,0,242.97,0,0,184.26,0,0,302.06,0,0
12/12/19,1803.220833,0,0,1459.257417,0,0,2173.211833,0,0,1129.983083,0,0,845.4805833,0,0,1418.479,0,0
12/13/19,729.3,0,0,616.7,0,0,877.1,0,0,464.25,0,0,352.76,0,0,583.02,0,0
12/14/19,483.67,0,0,408.5,0,0,583.33,0,0,306.28,0,0,233.88,0,0,383.33,0,0
12/15/19,363.04,0,0,305.57,0,0,431.56,0,0,231.4,0,0,175.53,0,0,288.53,0,0
12/16/19,1379.74,0,0,1139.55,0,0,1646.53,0,0,871.61,0,0,667.69,0,0,1110.17,0,0
12/17/19,424.88,0,0,357.63,0,0,508.68,0,0,269.86,0,0,205.06,0,0,336.38,0,0
12/18/19,1311.38,0,0,1094.46,0,0,1581.19,0,0,832.46,0,0,635.58,0,0,1054.34,0,0
12/19/19,1884.21,0.110547698,0.005867058,1520.774333,0,0,2256.29,0,0,1195.21,0,0,897.5,0,0,1512.7,0,0
12/20/19,1425.83,0.636160596,0.044616861,1191.1,0,0,1716.35,0,0,898.71,0,0,683.88,0,0,1140.47,0,0
12/21/19,817.53,0,0,679.73,0,0,973.44,0,0,523.06,0,0,403.56,0,0,665.21,0,0
12/22/19,1252.17,0,0,1047.06,0,0,1506.29,0,0,792.08,0,0,592.41,0,0,988.75,0,0
12/23/19,1654.81,0,0,1373.85,0,0,1996,0,0,1041.37,0,0,783.74,0,0,1309.94,0,0
12/24/19,1419.72,0,0,1212.04,0,0,1691.47,0,0,920.95,0,0,695.75,0,0,1169.06,0,0
12/25/19,1629.03,0,0,1356.42,0,0,1950.44,0,0,1028.42,0,0,772.6,0,0,1288.64,0,0
12/26/19,1577.23,0,0,1288.003,0,0,1908.47,0,0,992.17,0,0,747.05,0,0,1248.93,0,0
12/27/19,1977.76,0,0,1650.09,0,0,2381.39,0,0,1250.73,0,0,939.59,0,0,1579.4,0,0
12/28/19,1480.35,1.034709488,0.069896274,1214.55,0.200815128,0.016534118,1747.76,0.132297844,0.007569566,937.02,0,0,700.53,0,0,1164.46,0.076547355,0.006573635
12/29/19,1338.66,0,0,1100.08,0,0,1591.78,0,0,844.36,0,0,624.54,0,0,1047.14,0,0
12/30/19,1659.26,2.026973392,0.122161288,1368.65,1.201385883,0.087778898,1974.4,1.617282381,0.0819126,1049.4,0,0,786.28,0.309450696,0.039356298,1326.4,0.579263411,0.043671849
12/31/19,1744.03,0,0,1453.25,0,0,2088.16,0,0,1100.58,0,0,819.54,0,0,1373.84,0,0
01/01/20,1850.47,0,0,1542.71,0,0,2233.75,0,0,1173.26,0,0,876.18,0,0,1473.68,0,0
01/02/20,1264.01,0,0,1057.1,0,0,1521.35,0,0,801.67,0,0,607.02,0,0,1006.47,0,0
01/03/20,1323.48,0,0,1104.39,0.028441297,0.002575295,1597.36,0,0,840.05,0,0,638.53,0,0,1056.96,1.14213225,0.108058228
01/04/20,1325.15,1.29758875,0.097920141,1111.86,0.986233213,0.088701205,1597.31,0.664683296,0.041612667,848.59,0.023867075,0.002812557,646.74,0.882625815,0.136473052,1070.54,0.971559946,0.090754194
01/05/20,1852.28,0,0,1539.48,0,0,2240.98,0,0,1174.27,0,0,877.87,0,0,1476.94,0,0
01/06/20,1532.41,2.241221753,0.146254707,1281.48,0.676167759,0.052764597,1840.06,3.958139063,0.215109239,975.36,0.021939217,0.002249346,734.72,1.08388135,0.14752305,1225.8,0.711255792,0.058023804
01/07/20,1178.7,0,0,983.5,0,0,1411.15,0,0,749.5,0,0,570.68,0,0,943.41,0,0
01/08/20,1725.7,0,0,1444.99,0.145440785,0.010065176,2088.04,0,0,1097.84,0,0,827.57,0,0,1384.22,0,0
01/09/20,1706.48,0,0,1345.081667,0,0,2061.61,0,0,1084.81,0,0,813.04,0,0,1364.14,0,0
01/10/20,1341.31,0,0,1125.02,0,0,1612.41,0,0,848.61,0,0,642.98,0,0,1063.29,0,0
01/11/20,1428.69,0,0,1193.43,0,0,1729.62,0,0,901.65,0,0,681.37,0,0,1132.33,0,0
01/12/20,1580.51,0,0,1327.79,0,0,1911.35,0,0,1002.16,0,0,756.74,0,0,1258.34,0,0
01/13/20,1805.55,0,0,1507.35,0,0,2162.46,0,0,1143.99,0,0,864.45,0,0,1445.33,0,0
01/14/20,1939.49,0,0,1622.82,0,0,2332.39,0,0,1227.53,0,0,921.25,0,0,1541.16,0,0
01/15/20,1276.64,0,0,1064.14,0,0,1527.54,0,0,804.81,0,0,595.82,0,0,998.47,0,0
01/16/20,1389.05,2.288684086,0.164766141,1170.99,1.046502776,0.089369062,1674.05,1.067972802,0.063795753,881.11,0,0,665.74,0.160398567,0.024093275,1107.05,0.48182028,0.043522901
01/17/20,1959.82,0,0,1631.65,0,0,2343.76,0,0,1233.55,0,0,922.74,0,0,1547.76,0,0
01/18/20,1152.53,0,0,964.05,0,0,1382.55,0,0,738.3,0,0,563.63,0,0,938.06,0,0
01/19/20,1383.38,0,0,1129.87,0,0,1632.92,0,0,874.04,0,0,653.57,0,0,1089.37,0,0
01/20/20,1096.25,0,0,930.31,0,0,1315.46,0,0,698.62,0,0,543.56,0,0,901.69,0,0
01/21/20,535.49,0,0,454.08,0,0,639.39,0,0,342.53,0,0,255.32,0,0,420.81,0,0
01/22/20,1724.74,0,0,1426.35,0,0,2077.64,0,0,1083.66,0,0,786.34,0,0,1320.53,0,0
01/23/20,119.49925,0,0,97.83591667,0,0,143.3434167,0,0,74.32666667,0,0,52.19525,0,0,90.412,0,0
01/24/20,1857.49,0,0,1525.32,0,0,2211.15,0,0,1184.69,0,0,871.58,0,0,1472.96,0,0
01/25/20,2245.61,0,0,1893.84,0,0,2735.34,0,0,1422.28,0,0,1063.53,0,0,1771.35,0,0
01/26/20,0,0,,0,0,,0,0,,0,0,,0,0,,0,0,
01/27/20,0,0,,0,0,,0,0,,0,0,,0,0,,0,0,
01/28/20,306.31,0,0,253.84,0,0,373.14,0,0,193.91,0,0,143.57,0,0,224.99,0,0
01/29/20,667.66,0,0,565.01,0,0,817.26,0,0,420.64,0,0,322.76,0,0,530.32,0,0
01/30/20,1853.44,0.319994973,0.017264922,1548.91,0.061452677,0.003967479,2235.89,0,0,1173.21,0,0,888.56,0,0,1478.57,0.848241715,0.05736906
01/31/20,1905.68,0,0,1483.77,0,0,2290.05,0,0,1189.5,0,0,882.47,0,0,1485.01,0,0
02/01/20,1648.58,0,0,1372.6,0,0,1994.78,0,0,1042.25,0,0,799.43,0,0,1326.07,0,0
02/02/20,1367.3,1.878917961,0.13741812,1155.22,0.552526827,0.04782871,1657.63,0.125332527,0.007560947,868.37,0,0,654.15,0.253783524,0.038795922,1086.14,0.49184016,0.045283312
02/03/20,2067.3,0,0,1725.29,0,0,2496.6,0,0,1304.44,0,0,981.64,0,0,1645.95,0,0
02/04/20,2004.6,0,0,1666.68,0,0,2401.51,0,0,1264.42,0,0,945.02,0,0,1586.37,0,0
02/05/20,1892.17,0,0,1568.03,0,0,2240.78,0,0,1202.21,0,0,900.84,0,0,1513.27,0,0
02/06/20,1918.43,0,0,1591.7,0,0,2303.45,0,0,1210.98,0,0,912.3,0,0,1519.19,0,0
02/07/20,1862.78,0.184624803,0.009911251,1556.47,0.129436079,0.008316002,2248.42,0,0,1175.33,0,0,885.26,0,0,1484.27,0,0
02/08/20,1602.42,0,0,1337.56,0,0,1930.69,0,0,1013.1,0,0,770.05,0,0,1275.5,0,0
02/09/20,1231.81,0,0,1030.42,0,0,1468.58,0,0,780.6,0,0,584.78,0,0,973.37,0,0
02/10/20,2019.02,0,0,1691.84,0,0,2448.39,0,0,1285.85,0,0,972.91,0,0,1620.81,0,0
02/11/20,789.58,0,0,663.89,0,0,945.54,0,0,504.65,0,0,378.07,0,0,623.04,0,0
02/12/20,1548.35,0,0,1249.92,0,0,1824.96,0,0,957.73,0,0,689.66,0,0,1161.85,0,0
02/13/20,1698.918667,0,0,1425.502583,0,0,2030.753417,0,0,1089.570167,0,0,820.202,0,0,1376.16975,0,0
02/14/20,1939.87,0,0,1615.85,0,0,2327.51,0,0,1221.65,0,0,920.2,0,0,1537.58,0,0
02/15/20,2245.34,0,0,1882.05,0,0,2701.19,0,0,1419.12,0,0,1071.27,0,0,1790.5,0,0
02/16/20,1572.016417,0,0,1354.678833,0,0,1918.165917,0,0,1008.9655,0,0,778.8105,0,0,1302.61925,0,0
02/17/20,2122.345167,0,0,1765.066,0,0,2549.624333,0,0,1335.949667,0,0,1002.40725,0,0,1687.252667,0,0
02/18/20,1535.64,10.51838831,0.684951441,1289.53,4.858237039,0.376744786,1848.82,6.326460483,0.342189098,969.36,0.542903694,0.056006406,734,2.728541414,0.371735888,1217.77,2.538788564,0.208478495
02/19/20,1876.8,0,0,1550.846917,0,0,2261.07,0,0,1197.42,0,0,901.8,0,0,1514.17,0,0
02/20/20,1911.93,1.541581539,0.080629601,1604.15,0.495614537,0.030895773,2314.5,0.161047681,0.006958206,1211.42,0,0,915.37,0,0,1531.92,0,0
02/21/20,1340.53,0,0,1124.08,0,0,1618.97,0,0,851.73,0,0,641.69,0,0,1066.46,0,0
02/22/20,1933.37,0.310526094,0.01606139,1612.9,0.051643779,0.003201921,2343.94,0,0,1216.63,0,0,916.39,0,0,1528.2,0,0
02/23/20,1890.93,5.78873005,0.306131377,1600.7,3.026509494,0.189074123,2304.15,4.613225611,0.200213771,1207.27,0.983401143,0.081456604,907.2,2.520978195,0.277885604,1515.04,2.058782525,0.135889648
02/24/20,1137.85,1.76493735,0.155111601,956.31,0.842397969,0.088088378,1369.52,0.846939457,0.061842066,723.91,0.211046505,0.029153694,552.29,0,0,910.12,0.095380446,0.010479986
02/25/20,1912.34,0,0,1604.67,0,0,2312.83,0,0,1212.38,0,0,924.51,0,0,1544.09,0,0
02/26/20,2144.09,0,0,1792.4,0,0,2579.63,0,0,1354.68,0,0,1017.96,0,0,1711.09,0,0
02/27/20,2183.62,0,0,1826.82,0,0,2628.21,0,0,1382.1,0,0,1044.59,0,0,1746.21,0,0
02/28/20,1657.25,0,0,1405.72,0,0,2017.67,0,0,1059.57,0,0,802.38,0,0,1337.34,0,0
02/29/20,2315,0,0,1940.46,0,0,2783.96,0,0,1462.74,0,0,1102.16,0,0,1844.77,0,0
03/01/20,2279.61,0,0,1913.42,0,0,2751.9,0,0,1437.65,0,0,1086.85,0,0,1815.51,0,0
03/02/20,1985.73,0,0,1657.52,0,0,2394.7,0,0,1255.3,0,0,941.96,0,0,1578.39,0,0
03/03/20,1760.9,0,0,1488.04,0,0,2133.39,0,0,1122.3,0,0,862.16,0,0,1426.97,0,0
03/04/20,1719.01,1.288675936,0.074966169,1431.86,0.383955379,0.026815148,2036.09,1.035316562,0.050848271,1089.47,0.283258173,0.02599963,811.32,0,0,1359.3,0.747022499,0.054956411
03/05/20,610.58,0,0,501.8,0,0,721.71,0,0,381.57,0,0,283.06,0,0,467.99,0,0
03/06/20,1311.03,0,0,1109.18,0,0,1587.73,0,0,830.67,0,0,632.97,0,0,1049.15,0,0
03/07/20,1458.6,0,0,1219.05,0,0,1721.22,0,0,924.9,0,0,693.91,0,0,1163.72,0,0
03/08/20,1493.04,0,0,1253.51,0,0,1802.27,0,0,942.9,0,0,718.62,0,0,1195.59,0,0
03/09/20,1833.24,0,0,1558.12,0,0,2215.05,0,0,1171.88,0,0,892.5,0,0,1488.94,0,0
03/10/20,1881.99,0,0,1597.74,0,0,2269.29,0,0,1203.5,0,0,906.58,0,0,1525.78,0,0
03/11/20,1997.11,0,0,1695.44,0,0,2425.23,0,0,1270.52,0,0,966.69,0,0,1615.02,0,0
03/12/20,1839.71,0,0,1559.23,0,0,2236.41,0,0,1168.24,0,0,884.03,0,0,1478.91,0,0
03/13/20,2350.18,0,0,1992.66,0,0,2842.21,0,0,1491.76,0,0,1135.52,0,0,1898.38,0,0
03/14/20,1616.79,1.240133928,0.076703464,1314.29,0,0,1903.3,0,0,1006.85,0,0,735.5,0,0,1232.01,0,0
03/15/20,1395.66,0,0,1159.34,0,0,1666.2,0,0,875.97,0,0,664.82,0.360292128,0.054193936,1109.2,0.427452697,0.038537026
03/16/20,1628.41,0.187730294,0.011528441,1382.34,0.058809995,0.00425438,1978.67,0,0,1036.35,0,0,786.04,0,0,1312.29,0,0
03/17/20,2020.03,2.696392583,0.133482799,1671.78,0.93507234,0.055932739,2440,0.865095521,0.035454734,1252.46,0.182409055,0.014564062,937.1,0.905549873,0.096633217,1567.54,2.237790113,0.142758087
03/18/20,74.68,0,0,56.11,0,0,89.9,0,0,45.55,0,0,38.79,0,0,59.81,0,0
03/19/20,316.9968333,0,0,266.7759167,0,0,379.7025,0,0,200.5909167,0,0,151.1785,0,0,250.75625,0,0
03/20/20,1555.13,0,0,1316.52,0,0,1877.64,0,0,990.86,0,0,760.76,0,0,1260.4,0,0
03/21/20,1289.01,0,0,1074.31,0,0,1533.46,0,0,812.68,0,0,620.81,0,0,1031.573083,0,0
03/22/20,1542.4,0,0,1290.23,0,0,1846.41,0,0,972.94,0,0,728.46,0,0,1219.08,0,0
03/23/20,1032.74,0,0,867.94,0,0,1248.47,0,0,654.16,0,0,502.04,0,0,826.86,0,0
03/24/20,1774.51,0.004508292,0.000254058,1498.24,0,0,2139.91,0,0,1126.19,0,0,871.08,0,0,1447.55,0,0
03/25/20,1503.05,0.104549777,0.006955842,1237.24,0,0,1784.95,0,0,934.82,0,0,705.27,0,0,1172.03,0,0
03/26/20,1337.51,0,0,1120.82,0,0,1603.91,0,0,849.94,0,0,648.02,0,0,1073.03,0,0
03/27/20,1726.81,0,0,1465.32,0,0,2039.61,0,0,1116.26,0,0,857.34,0,0,1430.35,0,0
03/28/20,1948.86,0,0,1648.8,0,0,2322.93,0,0,1235.85,0,0,942.43,0,0,1574.54,0,0
03/29/20,1745.13,0,0,1469.29,0,0,2100.88,0,0,1103.84,0,0,833.53,0,0,1391.85,0,0
03/30/20,1853.09,0,0,1607.15,0,0,2293.44,0,0,1190.2,0,0,922.01,0,0,1529.74,0,0
03/31/20,2095.66,0,0,1788.18,0,0,2531.97,0,0,1326.48,0,0,1009.02,0,0,1685.39,0,0
04/01/20,2079.43,0,0,1765.09,0,0,2522.62,0,0,1319.15,0,0,996.27,0,0,1665.91,0,0
04/02/20,1593.56,0,0,1347.4,0,0,1905.01,0,0,1007.94,0,0,770.15,0,0,1280.67,0,0
04/03/20,1461.71,0,0,1250.95,0,0,1766.64,0,0,937.21,0,0,720.08,0,0,1200.08,0,0
04/04/20,1294.48,0.129439828,0.009999369,1059.46,0,0,1559.77,0,0,799.47,0,0,601.68,0,0,995.7,0,0
04/05/20,1531.19,0,0,1227.72,0,0,1783.92,0,0,932.6,0,0,691.08,0,0,1151.46,0,0
04/06/20,1017.21,0,0,858.69,0,0,1220.17,0,0,646.03,0,0,489.81,0,0,812.44,0,0
04/07/20,1366.87,0,0,1172.36,0,0,1660.99,0,0,874.36,0,0,668.2,0,0,1114.72,0,0
04/08/20,1597.24,0,0,1349.33,0,0,1919.96,0,0,1012.07,0,0,774.82,0,0,1283.78,0,0
04/09/20,1699.97,0.789829484,0.046461378,1411.5,0.161688728,0.011455099,2012.41,0,0,1067.99,0,0,805.09,0,0,1345.6,0,0
04/10/20,1962.44,0,0,1665.61,0,0,2355.27,0,0,1243.57,0,0,964.05,0,0,1598.97,0,0
04/11/20,1575.25,0,0,1327.04,0,0,1885.63,0,0,1000.51,0,0,762.32,0,0,1264.02,0.21421488,0.016947112
04/12/20,747.06,0,0,609.33,0,0,889.54,0,0,463.34,0,0,352.09,0,0,573.27,0,0
04/13/20,1051.54,0,0,890.37,0,0,1220.49,0,0,682.16,0,0,516.12,0,0,867.3,0,0
04/14/20,1570.85,0,0,1319.72,0,0,1855.93,0,0,1005,0,0,759.45,0,0,1265.75,0,0
04/15/20,1779.88,0,0,1492.96,0,0,2115.97,0,0,1128.1,0,0,852.85,0,0,1423.75,0,0
04/16/20,1794.02,0,0,1526.01,0,0,2155.06,0,0,1146.28,0,0,890.78,0,0,1479.74,0,0
04/17/20,1715.13,0,0,1413.77,0,0,2021.44,0,0,1071.32,0,0,801.09,0,0,1341.25,0,0
04/18/20,1580.57,0,0,1326.9,0,0,1882.99,0,0,996.72,0,0,757.07,0,0,1251.44,0,0
04/19/20,2376.01,0,0,1991.62,0,0,2841.62,0,0,1497.31,0,0,1143.33,0,0,1897.81,0,0
04/20/20,2184.6,0,0,1809.52,0,0,2594.86,0,0,1369.2,0,0,1024.16,0,0,1710.52,0,0
04/21/20,1211.8,0,0,996.43,0,0,1429.46,0,0,754.51,0,0,562.38,0,0,930.28,0,0
04/22/20,1447.421583,0,0,1232.891083,0,0,1760.466833,0,0,919.63025,0,0,715.73125,0,0,1183.769083,0,0
04/23/20,1279.43,0,0,1075.77,0,0,1537.53,0,0,806.09,0,0,622.61,0,0,1024.77,0,0
04/24/20,1378.66,0,0,1174.94,0,0,1656.9,0,0,877.88,0,0,676.82,0,0,1120.1,0,0
04/25/20,934.37,0,0,786.07,0,0,1119.1,0,0,590.82,0,0,459.37,0,0,752.8,0,0
04/26/20,1378.32,0,0,1180.13,0,0,1677.13,0,0,877.38,0,0,668.8,0,0,1109.25,0,0
04/27/20,1333.09,0,0,1122.34,0,0,1598.35,0,0,844.67,0,0,648.26,0,0,1062.61,0,0
04/28/20,1630.59,0,0,1392.67,0,0,1970.02,0,0,1039,0,0,796.77,0,0,1316.05,0,0
04/29/20,1652.93,0,0,1393.58,0,0,1988.67,0,0,1045.08,0,0,791.33,0,0,1308.51,0,0
04/30/20,1332.12,0,0,1163.25,0,0,1653.29,0,0,855.75,0,0,677.54,0,0,1113.99,0,0
05/01/20,873.57,0,0,734.04,0,0,1044.2,0,0,553.1,0,0,417.28,0,0,688.44,0,0
05/02/20,1196.31,0,0,1012.25,0,0,1438.16,0,0,757.36,0,0,583.26,0,0,958.63,0,0
05/03/20,1422.2,0,0,1218.92,0,0,1722.58,0,0,911.63,0,0,676.91,0,0,1141.2,0,0
05/04/20,606.47,0,0,507.84,0,0,725.32,0,0,383.11,0,0,293.6,0,0,481.65,0,0
05/05/20,1607.98,0,0,1376.16,0,0,1941.38,0,0,1020.62,0,0,794.43,0,0,1308.78,0,0
05/06/20,1152.84,0,0,977.03,0,0,1399.49,0,0,728.71,0,0,566.97,0,0,923.87,0,0
05/07/20,1543.57,0,0,1346.16,0,0,1876.23,0,0,997.52,0,0,789.1,0,0,1296.83,0,0
05/08/20,0.1,0,0,0.04,0,0,0.13,0,0,0.06,0,0,0.08,0,0,0.09,0,0
05/09/20,0,0,,0,0,,0,0,,0,0,,0,0,,0,0,
05/10/20,0,0,,0,0,,0,0,,0,0,,0,0,,0,0,
05/11/20,0,0,,0,0,,0,0,,0,0,,0,0,,0,0,
05/12/20,0,0,,0,0,,0,0,,0,0,,0,0,,0,0,
05/13/20,0,0,,0,0,,0,0,,0,0,,0,0,,0,0,
05/14/20,0,0,,0,0,,0,0,,0,0,,0,0,,0,0,
05/15/20,0,0,,0,0,,0,0,,0,0,,0,0,,0,0,
05/16/20,0,0,,0,0,,0,0,,0,0,,0,0,,0,0,
05/17/20,0,0,,0,0,,0,0,,0,0,,0,0,,0,0,
05/18/20,0,0,,0,0,,0,0,,0,0,,0,0,,0,0,
05/19/20,0,0,,0,0,,0,0,,0,0,,0,0,,0,0,
05/20/20,0,0,,0,0,,0,0,,0,0,,0,0,,0,0,
05/21/20,0,0,,0,0,,0,0,,0,0,,0,0,,0,0,
05/22/20,0,0,,0,0,,0,0,,0,0,,0,0,,0,0,
05/23/20,0,0,,0,0,,0,0,,0,0,,0,0,,0,0,
05/24/20,0,0,,0,0,,0,0,,0,0,,0,0,,0,0,
05/25/20,0,0,,0,0,,0,0,,0,0,,0,0,,0,0,
05/26/20,0,0,,0,0,,0,0,,0,0,,0,0,,0,0,
05/27/20,0,0,,0,0,,0,0,,0,0,,0,0,,0,0,
05/28/20,0,0,,0,0,,0,0,,0,0,,0,0,,0,0,
05/29/20,0,0,,0,0,,0,0,,0,0,,0,0,,0,0,
05/30/20,0,0,,0,0,,0,0,,0,0,,0,0,,0,0,
05/31/20,0,0,,0,0,,0,0,,0,0,,0,0,,0,0,
06/01/20,206.78,0,0,173.66,0,0,247.73,0,0,131.42,0,0,99.78,0,0,159,0,0
06/02/20,1660.76,0,0,1420.76,0,0,2005.18,0,0,1051.04,0,0,826.53,0,0,1350.05,0,0
06/03/20,1578.86,0,0,1346.41,0,0,1901.2,0,0,1011.99,0,0,771.14,0,0,1276.87,0,0
06/04/20,1440.04,0,0,1231.64,0,0,1728.82,0,0,915.2,0,0,704.79,0,0,1167.6,0,0
06/05/20,1513.83,0,0,1281.04,0,0,1826.88,0,0,951.34,0,0,745.15,0,0,1218.33,0.019639013,0.001611962
06/06/20,844.79,0,0,711.74,0,0,1013.86,0,0,533.8,0,0,408.45,0,0,670.6,0,0
06/07/20,1605.13,0,0,1356.41,0,0,1934.05,0,0,1009.65,0,0,785.25,0,0,1281.66,0.060641704,0.004731497
06/08/20,1347.91,0,0,1149.38,0,0,1619.22,0,0,854.15,0,0,655.45,0,0,1080.64,0,0
06/09/20,1705.03,0,0,1433.53,0,0,2071.04,0,0,1061.75,0,0,823.56,0,0,1342.86,0,0
06/10/20,1397.63,0,0,1191.9,0,0,1681.08,0,0,891.56,0,0,680.17,0,0,1120.86,0,0
06/11/20,1382.05,0,0,1166.27,0,0,1660.76,0,0,865.17,0,0,674.19,0,0,1096.81,0,0
06/12/20,873.44,0,0,738.39,0,0,1041.91,0,0,558.35,0,0,426.82,0,0,704.24,0,0
06/13/20,285.51,0,0,240.28,0,0,340.9,0,0,180.75,0,0,138.11,0,0,225.86,0,0
06/14/20,1373.24,0,0,1171.91,0,0,1663.72,0,0,872.16,0,0,670.53,0,0,1109.8,0,0
06/15/20,1722.19,0,0,1460.16,0,0,2072.58,0,0,1092.62,0,0,840.24,0,0,1375.98,0,0
06/16/20,1121.02,0,0,952.08,0,0,1348.77,0,0,712.04,0,0,544.98,0,0,896.15,0,0
06/17/20,777.56,0,0,655.58,0,0,933.74,0,0,493.47,0,0,374.27,0,0,617.17,0,0
06/18/20,1100.8,0,0,938.47,0,0,1321.23,0,0,696.7,0,0,542.66,0,0,882,0,0
06/19/20,1368.31,0,0,1168.52,0,0,1665.84,0,0,867.67,0,0,680.75,0,0,1107.69,0,0
06/20/20,566.43,0,0,476.91,0,0,679.74,0,0,360.36,0,0,273.78,0,0,451.39,0,0
06/21/20,803.73,0,0,681.36,0,0,968.7,0,0,510.46,0,0,392.79,0,0,642.75,0,0
06/22/20,764.76,0,0,647.54,0,0,921.02,0,0,485.68,0,0,376.42,0,0,613.54,0,0
06/23/20,899.43,0,0,765.15,0,0,1084.21,0,0,572.71,0,0,442.67,0,0,727.88,0,0
06/24/20,638.05,0,0,538.79,0,0,768.79,0,0,404.71,0,0,309.31,0,0,507.81,0,0
06/25/20,1333.97,0,0,1133.84,0,0,1608.51,0,0,846.7,0,0,647.58,0,0,1067.01,0,0
06/26/20,1245.64,0,0,1052.88,0,0,1500.36,0,0,787.73,0,0,595.59,0,0,983.42,0,0
06/27/20,1283.87,0,0,1093.36,0,0,1557.02,0,0,817.47,0,0,624.88,0.242119373,0.038746539,1029.83,0.245591289,0.023847751
06/28/20,1362.93,0,0,1158.02,0,0,1655.55,0,0,859.31,0,0,664.69,0,0,1087.51,0,0
06/29/20,1588.35,0,0,1350.74,0,0,1920.08,0,0,1005.33,0,0,768.57,0,0,1266.12,0,0
06/30/20,1646.38,0,0,1407.38,0,0,2004.2,0,0,1047.54,0,0,807.56,0,0,1323.88,0,0
07/01/20,985.07,0,0,830.74,0,0,1179.68,0,0,624.55,0,0,472.39,0,0,781.67,0,0
07/02/20,1507.07,0,0,1277.12,0,0,1795.5,0,0,960.48,0,0,721.15,0,0,1195.66,0,0
07/03/20,1659.64,0,0,1418.04,0,0,2016.35,0,0,1055.58,0,0,804.35,0,0,1326.05,0,0
07/04/20,1494.37,0,0,1256.09,0,0,1785.35,0,0,946.87,0,0,720.45,0,0,1177.21,0,0
07/05/20,1421.9,0,0,1202.17,0,0,1714.35,0,0,902.07,0,0,686.17,0,0,1130.83,0,0
07/06/20,1584.58,0,0,1342.48,0,0,1918.1,0,0,1002.66,0,0,776.26,0,0,1275.39,0,0
07/07/20,1115.49,0,0,952.17,0,0,1351.86,0,0,711.92,0,0,547.9,0,0,902.34,0,0
07/08/20,1335.27,0,0,1152.97,0,0,1627.46,0,0,858.87,0,0,673.49,0,0,1112.6,0,0
07/09/20,776.74,0,0,660.3,0,0,937.57,0,0,496.56,0,0,379.43,0,0,624.36,0,0
07/10/20,1572.04,0,0,1335,0,0,1890.81,0,0,997.03,0,0,754.48,0,0,1253.25,0,0
07/11/20,880.16,0,0,747.59,0,0,1060.34,0,0,558.64,0,0,428.89,0,0,704.86,0,0
07/12/20,1624.46,0,0,1387.03,0,0,1965.74,0,0,1033.4,0,0,800.43,0,0,1319.08,0,0
07/13/20,470.98,0,0,399.07,0,0,569.76,0,0,300.09,0,0,231.91,0,0,378.15,0,0
07/14/20,1010.33,0,0,850.9,0,0,1214.74,0,0,639.69,0,0,491.31,0,0,804.53,0,0
07/15/20,900.03,0,0,768.39,0,0,1078.2,0,0,577.93,0,0,459.38,0,0,752,0,0
07/16/20,1677.29,0,0,1423.07,0,0,2003.71,0,0,1064.1,0,0,820.35,0,0,1351.02,0,0
07/17/20,1784.22,0,0,1549.78,0,0,2213.71,0,0,1139.95,0,0,904.49,0,0,1485.91,0,0
07/18/20,1246,0,0,1048.66,0,0,1492.86,0,0,789.21,0,0,612.41,0,0,999.52,0,0
07/19/20,1859.94,0,0,1623.98,0,0,2300.71,0,0,1199.94,0,0,929.53,0,0,1532.87,0,0
07/20/20,1841.01,0,0,1578.22,0,0,2248.69,0,0,1172.42,0,0,926.17,0,0,1515.1,0,0
07/21/20,1282.01,0,0,1084.56,0,0,1529.86,0,0,815.12,0,0,620.22,0,0,1042.57,0,0
07/22/20,1110.83,0,0,968.06,0,0,1389.53,0,0,713.47,0,0,570.86,0,0,925.12,0,0
07/23/20,1669.67,0,0,1425.71,0,0,2024.84,0,0,1057.52,0,0,829.81,0,0,1359.5,0,0
07/24/20,1160.61,0,0,974.14,0,0,1384.01,0,0,731.12,0,0,556.23,0,0,911.2,0,0
07/25/20,1291,0.969617279,0.075105909,1078.69,0,0,1535.54,0.267822728,0.017441599,812.17,0,0,614.5,0.624012038,0.101547931,1022.22,0.438168418,0.042864395
07/26/20,1497.35,0,0,1274.03,0,0,1810.38,0,0,949.02,0,0,726.15,0,0,1198.38,0,0
07/27/20,812.18,0,0,685.24,0,0,981.11,0,0,509.79,0,0,399.19,0,0,645.27,0,0
07/28/20,1202.42,0,0,1022.99,0,0,1460.11,0,0,760.74,0,0,588.74,0,0,964.1,0,0
07/29/20,629.89,0,0,533.95,0,0,760.89,0,0,401.34,0,0,309.07,0,0,507.65,0,0
07/30/20,1685.01,0,0,1443.41,0,0,2042.33,0,0,1079.77,0,0,827.95,0,0,1363.19,0,0
07/31/20,1596.9,0,0,1352.97,0,0,1919.37,0,0,1012.44,0,0,779.03,0,0,1283.96,0,0
08/01/20,1791.4,0,0,1520.5,0,0,2187.63,0,0,1132.55,0,0,871.77,0,0,1434.81,0,0
08/02/20,1477.06,0,0,1254.62,0,0,1790.21,0,0,939.06,0,0,717.19,0,0,1181.2,0,0
08/03/20,1495.49,0,0,1268.91,0,0,1794.88,0,0,950.88,0,0,723.25,0,0,1196.88,0,0
08/04/20,1041.75,0,0,888.39,0.11708611,0.013179584,1264.95,0,0,664.94,0,0,508.71,0,0,837.05,0,0
08/05/20,1725.3,0,0,1464.39,0,0,2101.07,0,0,1088.95,0,0,841.6,0,0,1373.94,0,0
08/06/20,1358.64,0,0,1150.68,0,0,1641.41,0,0,861.97,0,0,657.05,0,0,1090.81,0,0
08/07/20,1842.45,0,0,1575.54,0,0,2243.75,0,0,1169.59,0,0,902.89,0,0,1490.22,0,0
08/08/20,1874.38,0,0,1582.21,0,0,2276.24,0,0,1178.04,0,0,909.73,0,0,1496.62,0,0
08/09/20,1630.9,0,0,1378.27,0,0,1976.87,0,0,1030.16,0,0,788.1,0,0,1302.03,0,0
08/10/20,1684.71,0,0,1435.14,0,0,2054.12,0,0,1072.57,0,0,825.54,0,0,1361.76,0,0
08/11/20,1312.65,0,0,1104.26,0,0,1574.09,0,0,829.01,0,0,625.26,0,0,1041.63,0,0
08/12/20,706.79,0,0,590.36,0,0,846.42,0,0,447.62,0,0,336.51,0,0,558.13,0,0
08/13/20,1822.73,0,0,1551.22,0,0,2211.62,0,0,1158.96,0,0,889.52,0,0,1470.92,0,0
08/14/20,447.31,0,0,375.55,0,0,536.35,0,0,283.4,0,0,215.7,0,0,354.67,0,0
08/15/20,1259.46,0,0,1085.53,0,0,1601.75,0,0,795.29,0,0,630.67,0,0,1033.91,0,0
08/16/20,1615.1,0,0,1378.41,0,0,1982.77,0,0,1026.26,0,0,788.51,0,0,1307.24,0,0
08/17/20,1471.46,0.385756183,0.02621588,1245.7,0.351026438,0.028179051,1779.97,1.2995207,0.073008011,930.75,0,0,730.98,0.611989328,0.083721761,1197.55,0.172492387,0.014403773
08/18/20,911.6,0,0,765.64,0,0,1093.33,0,0,579.24,0,0,441.09,0,0,727.39,0,0
08/19/20,1108.26,0,0,941.41,0,0,1346.5,0,0,704.98,0,0,533.79,0,0,884.62,0,0
08/20/20,1578.28,0.547100417,0.034664345,1351.5,1.522448909,0.112648828,1918.51,0,0,1009.21,0,0,773.46,0.351495402,0.045444548,1280.49,0.903890197,0.070589399
08/21/20,2005.14,0.027784519,0.001385665,1687.75,0,0,2383.83,0,0,1275,0,0,937.75,0,0,1581.08625,0,0
08/22/20,1160.86,0,0,982.66,0,0,1391.6,0,0,742.1,0,0,562.49,0,0,930.99,0,0
08/23/20,418.01,0,0,345.48,0,0,503.22,0,0,263.2,0,0,205.35,0,0,331.99,0,0
08/24/20,2219.85,0,0,1905.65,0,0,2739.62,0,0,1423.54,0,0,1080.75,0,0,1816.3,0,0
08/25/20,1511.8,0,0,1277.64,0,0,1845.6,0,0,957.36,0,0,744.06,0,0,1222.76,0,0
08/26/20,1390.81,0,0,1178.17,0,0,1706.33,0,0,870.96,0,0,683.92,0,0,1113.37,0,0
08/27/20,1692.55,0,0,1444.43,0,0,2084.41,0,0,1071.25,0,0,836.58,0,0,1372.41,0,0
08/28/20,1657.14,0,0,1404.27,0,0,2021,0,0,1049.13,0,0,806.03,0,0,1325.3,0,0
08/29/20,762.27,0,0,651.53,0,0,929.1,0,0,484.42,0,0,372.71,0,0,616.55,0,0
08/30/20,2032.83,0,0,1737.8,0,0,2475.41,0,0,1301.12,0,0,986.21,0,0,1635.71,0,0
08/31/20,1644.81,0,0,1401.2,0,0,2011.01,0,0,1047.98,0,0,797.04,0,0,1320.71,0,0
09/01/20,1743.02,0,0,1474.93,0,0,2111.19,0,0,1109.19,0,0,845.27,0,0,1396.01,0,0
09/02/20,1174.76,0,0,985.48,0,0,1418.35,0.094838486,0.006686536,744.38,0,0,579.9,0,0,952.38,0.132780287,0.013941944
09/03/20,947.46,0,0,788.92,0,0,1143.11,0,0,597.9,0,0,455.64,0,0,749.93,0,0
09/04/20,1738.89,0.369913905,0.021272991,1459.04,0.240694068,0.016496742,2065.84,0.263306082,0.012745715,1099.5,0,0,832.34,0.312590419,0.037555617,1381.37,0.230462329,0.016683606
09/05/20,358.23,0,0,303.19,0,0,432.38,0,0,227.87,0,0,174.51,0,0,285.98,0,0
09/06/20,875.51,0,0,739.25,0,0,1051.87,0,0,558.07,0,0,430.58,0,0,709.82,0,0
09/07/20,1773.67,0,0,1497.27,0,0,2130.3,0,0,1131.65,0,0,852.45,0,0,1418.08,0,0
09/08/20,1736.64,0,0,1440.32,0,0,2056.62,0,0,1095.71,0,0,796.35,0,0,1333.06,0,0
09/09/20,0,0,,0,0,,0,0,,0,0,,0,0,,0,0,
09/10/20,0,0,,0,0,,0,0,,0,0,,0,0,,0,0,
09/11/20,0,0,,0,0,,0,0,,0,0,,0,0,,0,0,
09/12/20,0,0,,0,0,,0,0,,0,0,,0,0,,0,0,
09/13/20,86.24,0,0,72.98,0,0,103.8,0,0,54.95,0,0,42.12,0,0,67.35,0,0
09/14/20,761.91,0,0,646.28,0,0,923.48,0,0,484.33,0,0,372.11,0,0,614.35,0,0
09/15/20,1571.09,0,0,1327.38,0,0,1862.2,0,0,1005.31,0,0,758.6,0,0,1270.94,0,0
09/16/20,1469.15,3.766684326,0.256385279,1248.11,0.713685287,0.057181281,1784.96,2.215814883,0.124138069,931.99,0,0,709.79,0.488802637,0.068865811,1176.96,0.200215723,0.01701126
09/17/20,1706.11,0.50099977,0.029365033,1449.49,0,0,2076.82,0,0,1079.33,0.070722997,0.006552491,840.34,0.47624185,0.056672519,1391.33,0.439650789,0.031599318
09/18/20,1848.53,0,0,1543.8,0.045795305,0.002966401,2227.97,0,0,1162.17,0,0,876.27,0,0,1451.62,0,0
09/19/20,2088.8,0,0,1777.59,0,0,2532.48,0,0,1334.64,0,0,1018.27,0,0,1702.95,0,0
09/20/20,1455.24,3.642241584,0.250284598,1226.3,1.305526631,0.106460624,1758.02,2.042665115,0.116191233,923.13,0,0,703.03,0.342134312,0.048665677,1168.88,1.363701502,0.116667366
09/21/20,487.39,0,0,409.37,0,0,584.17,0,0,309.88,0,0,233.99,0,0,385.86,0,0
09/22/20,1147.62,0,0,970.86,0,0,1404.64,0,0,736.34,0,0,563.47,0,0,949.75,0,0
09/23/20,1666.34,0,0,1435.93,0,0,2045.16,0,0,1075.97,0,0,815.23,0,0,1369.2,0,0
09/24/20,1792.2,0,0,1517.32,0,0,2182.13,0,0,1142.53,0,0,870.32,0,0,1445.78,0,0
09/25/20,1647.98,0,0,1375.65,0.021051197,0.001530273,1992.19,0,0,1042.1,0,0,780.93,0,0,1310.93,0,0
09/26/20,1029.11,0,0,872.03,0,0,1243.5,0,0,655.5,0,0,499.64,0,0,825.99,0,0
09/27/20,1266.34,0,0,1070.68,0,0,1535.73,0,0,801.18,0,0,611.39,0,0,1009.81,0,0
09/28/20,1424.43,0.356361149,0.025017807,1213.33,0.219269116,0.01807168,1734.03,0.034328847,0.001979715,912.34,0,0,691.66,0,0,1152.39,0.041762582,0.003623997
09/29/20,1040.16,0,0,883.03,0,0,1264.69,0,0,662.7,0,0,501.81,0,0,831.82,0,0
09/30/20,1437.86,0,0,1207.16,0,0,1741.79,0,0,913.23,0,0,696.97,0,0,1154.97,0,0
10/01/20,1112.53,0,0,917.05,0,0,1326.08,0,0,704.27,0,0,513.62,0,0,863.3,0,0
10/02/20,1782.42,0,0,1501.96,0,0,2168.87,0,0,1129.6,0,0,863.25,0,0,1432.76,0,0
10/03/20,1914.4,0.2662197,0.013906169,1617.47,0.15207143,0.009401808,2328.28,0,0,1212.73,0,0,932.28,0.036672284,0.003933613,1539.97,0,0
10/04/20,1039.24,0,0,875.3,0,0,1256.55,0,0,660.18,0,0,505.75,0,0,833.24,0,0
10/05/20,1718.19,0,0,1454.28,0,0,2084.33,0,0,1093.66,0,0,832.55,0,0,1383.51,0,0
10/06/20,1648.92,0,0,1388.87,0,0,2008.01,0,0,1041.14,0,0,791.81,0,0,1309.98,0,0
10/07/20,1860.46,0,0,1588.05,0,0,2267.95,0,0,1198.4,0,0,916.06,0,0,1518.09,0,0
10/08/20,1286.88,0,0,1074.04,0,0,1542.68,0,0,814.28,0,0,610.53,0,0,1010.81,0,0
10/09/20,1152.61,0,0,977.29,0,0,1398.34,0,0,731.66,0,0,558.74,0,0,920.43,0,0
10/10/20,1065.37,0,0,904.01,0,0,1290.55,0,0,677.01,0,0,515.27,0,0,851.79,0,0
10/11/20,1414.1,0,0,1196.33,0,0,1712.34,0,0,897.81,0,0,682.47,0,0,1131.32,0,0
10/12/20,1370.59,0,0,1159.92,0,0,1651.28,0,0,874.07,0,0,660.55,0,0,1095.95,0,0
10/13/20,1527.15,0,0,1292.1,0,0,1850.53,0,0,969.11,0,0,736.43,0,0,1220.42,0,0
10/14/20,1215.4,0,0,1025.37,0,0,1476.730167,0,0,770.82,0,0,585.78,0,0,969.28,0,0
10/15/20,1609.79,0,0,1354.89,0,0,1940.61,0,0,1019.58,0,0,772.43,0,0,1286.35,0,0
10/16/20,1830.23,3.297297074,0.180157525,1548.95,1.586435227,0.102420041,2226.9,2.870935642,0.128920726,1160.95,0.523827685,0.045120607,885.03,0.932512044,0.105365021,1472.07,0.765232983,0.051983464
10/17/20,1837.26,0,0,1556.07,0,0,2236.02,0,0,1169.04,0,0,883.23,0,0,1475.21,0,0
10/18/20,1122.65,1.187199235,0.10574972,942.95,1.272883732,0.134989526,1353.05,0,0,713.43,1.185234024,0.166131789,531.43,1.472262265,0.277037854,888.79,0.745798144,0.083911626
10/19/20,1853.27,0,0,1553.02,0,0,2225.54,0,0,1177.69,0,0,882.19,0,0,1485.24,0,0
10/20/20,947.2,0,0,795.31,0,0,1147.09,0,0,603.28,0,0,458.99,0,0,764.06,0,0
10/21/20,1938.25,0,0,1645.56,0,0,2354.55,0,0,1241.87,0,0,939.15,0,0,1578,0,0
10/22/20,1504.75,0,0,1272.19,0,0,1817.33,0,0,962.25,0,0,721.61,0.067535782,0.009359042,1206.59,0,0
10/23/20,1186.51,0,0,1001.88,0,0,1433.5,0,0,756.87,0,0,571.93,0,0,950.36,0,0
10/24/20,950.66,0,0,793.8,0,0,1143.07,0,0,603.62,0,0,444.85,0,0,748.48,0,0
10/25/20,2174.51,0,0,1835.23,0,0,2626.76,0,0,1384.33,0,0,1035.49,0,0,1731.56,0,0
10/26/20,702.77,0,0,593.44,0,0,845.26,0,0,446.47,0,0,338.09,0,0,558.23,0,0
10/27/20,2232.94,0,0,1876.68,0,0,2707.17,0,0,1426.18,0,0,1068.74,0,0,1789.25,0,0
10/28/20,660.2,0,0,560.23,0,0,798.44,0,0,421.15,0,0,323.04,0,0,530.61,0,0
10/29/20,1267.96,0,0,1079.8,0,0,1549.97,0,0,817.16,0,0,622.22,0,0,1033.03,0,0
10/30/20,1594.6,0,0,1380.42,0,0,1969.11,0,0,1033,0,0,821.33,0,0,1356.09,0,0
10/31/20,1373.29,0,0,1152.63,0,0,1650.88,0,0,872.59,0,0,661.59,0,0,1107.73,0,0
11/01/20,1741.67,0,0,1468.75,0,0,2112.2,0,0,1111.59,0,0,844.53,0,0,1405.61,0,0
11/02/20,6.23,0,0,4.72,0,0,7.66,0,0,3.84,0,0,3.07,0,0,4.81,0,0
11/03/20,0,0,,0,0,,0,0,,0,0,,0,0,,0,0,
11/04/20,0,0,,0,0,,0,0,,0,0,,0,0,,0,0,
11/05/20,0,0,,0,0,,0,0,,0,0,,0,0,,0,0,
11/06/20,0,0,,0,0,,0,0,,0,0,,0,0,,0,0,
11/07/20,0,0,,0,0,,0,0,,0,0,,0,0,,0,0,
11/08/20,0,0,,0,0,,0,0,,0,0,,0,0,,0,0,
11/09/20,0,0,,0,0,,0,0,,0,0,,0,0,,0,0,
11/10/20,0,0,,0,0,,0,0,,0,0,,0,0,,0,0,
11/11/20,0,0,,0,0,,0,0,,0,0,,0,0,,0,0,
11/12/20,0,0,,0,0,,0,0,,0,0,,0,0,,0,0,
11/13/20,0,0,,0,0,,0,0,,0,0,,0,0,,0,0,
11/14/20,0,0,,0,0,,0,0,,0,0,,0,0,,0,0,
11/15/20,0,0,,0,0,,0,0,,0,0,,0,0,,0,0,
11/16/20,0,0,,0,0,,0,0,,0,0,,0,0,,0,0,
11/17/20,0,0,,0,0,,0,0,,0,0,,0,0,,0,0,
11/18/20,0,0,,0,0,,0,0,,0,0,,0,0,,0,0,
11/19/20,0,0,,0,0,,0,0,,0,0,,0,0,,0,0,
11/20/20,0,0,,0,0,,0,0,,0,0,,0,0,,0,0,
11/21/20,0,0,,0,0,,0,0,,0,0,,0,0,,0,0,
11/22/20,0,0,,0,0,,0,0,,0,0,,0,0,,0,0,
11/23/20,0,0,,0,0,,0,0,,0,0,,0,0,,0,0,
11/24/20,0,0,,0,0,,0,0,,0,0,,0,0,,0,0,
11/25/20,393.35,0,0,330.08,0,0,472.78,0,0,249.45,0,0,185.13,0,0,301.21,0,0
11/26/20,551.09,0,0,465.33,0,0,663.55,0,0,352.36,0,0,265.35,0,0,440.22,0,0
11/27/20,1328.48,5.278413409,0.397327277,1117.66,1.934488227,0.173083785,1603.04,3.907349844,0.243746247,846.35,1.019088963,0.120409873,633.08,1.674715087,0.264534512,1061.14,1.20877359,0.113912734
11/28/20,798.45,0,0,681.33,0,0,964.73,0,0,510.77,0,0,380.34,0,0,637.27,0,0
11/29/20,1338.52,0,0,1142.53,0,0,1616.71,0,0,858.77,0,0,632.02,0,0,1072.04,0,0
11/30/20,1144.84,0,0,960.06,0,0,1378.46,0,0,728.68,0,0,541.4,0,0,911.91,0,0
12/01/20,1861.38,0,0,1573.45,0,0,2262.77,0,0,1192,0,0,879.89,0,0,1494.7,0,0
12/02/20,1050.49,0,0,887.29,0,0,1261.4,0,0,669.94,0,0,491.38,0,0,829.59,0,0
12/03/20,1070.59,0,0,904.78,0,0,1295.61,0,0,687.1,0,0,521.45,0,0,872.57,0,0
12/04/20,1240.77,0,0,1042.25,0,0,1502.85,0,0,787.89,0,0,593.14,0,0,989.76,0,0
12/05/20,1518.23,0,0,1272.66,0.204085883,0.016036167,1837.79,0,0,968.45,0,0,726.97,0,0,1216.78,0,0
12/06/20,1720.72,0,0,1440.69,0,0,2090.28,0,0,1086.21,0,0,806.9,0,0,1360.02,0,0
12/07/20,1691.22,0,0,1413.99,0,0,2044.37,0,0,1072.37,0,0,808.22,0,0,1354.81,0,0
12/08/20,1601.97,0,0,1343.05,0,0,1940.86,0,0,1020.54,0,0,765.0209167,0,0,1284.75,0,0
12/09/20,1404.38,0,0,1169.97,0,0,1704.71,0,0,887.03,0,0,673.87,0,0,1127.79,0,0
12/10/20,1163.95,0,0,966.15,0,0,1405.57,0,0,743.04,0,0,558.63,0,0,934.58,0,0
12/11/20,1646.8,0,0,1374.32,0,0,1992.85,0,0,1048.42,0,0,787.01,0,0,1328.47,0,0
12/12/20,1024.63,0,0,869,0,0,1235.87,0,0,654.94,0,0,489.79,0,0,822.35,0,0
12/13/20,1288.74,0,0,1087.5,0,0,1556.21,0,0,824.57,0,0,612.78,0,0,1030.23,0,0
12/14/20,1104.34,0,0,926.1,0,0,1337.26,0,0,705.44,0,0,537.4,0,0,893.17,0,0
12/15/20,1307.64,0,0,1102.86,0,0,1582.78,0,0,832.43,0,0,629.83,0,0,1055.91,0,0
12/16/20,921.6,0,0,763.17,0,0,1108.05,0,0,586.64,0,0,441.81,0,0,734.91,0,0
12/17/20,1461.66,0,0,1238.23,0,0,1771.12,0,0,933.1,0,0,703.17,0,0,1180.27,0,0
12/18/20,589.86,0,0,497.89,0,0,710.6,0,0,376.22,0,0,284.39,0,0,470.95,0,0
12/19/20,0,0,,0,0,,0,0,,0,0,,0,0,,0,0,
12/20/20,0,0,,0,0,,0,0,,0,0,,0,0,,0,0,
12/21/20,130.1,0,0,87.66,0,0,102.21,0,0,112.42,0,0,503.42275,0,0,246.59,0,0
12/22/20,1721.45,0,0,1450.36,0,0,2093.86,0,0,1095.14,0,0,835.43,0,0,1394.32,0,0
12/23/20,1630.31,0,0,1348.1,0,0,1955.11,0,0,1032.35,0,0,767.02,0,0,1285.69,0,0
12/24/20,906.21,0,0,765.39,0,0,1097.9,0,0,578.25,0,0,435.58,0,0,724.52,0,0
12/25/20,1562.88,0,0,1313.18,0,0,1887.75,0,0,998.46,0,0,743.3,0,0,1256.06,0,0
12/26/20,1536.21,0,0,1210,0,0,1783.31,0,0,941.82,0,0,678.69,0,0,1146.65,0,0
12/27/20,1658.57,0,0,1379.2,0,0,2001.45,0,0,1050.52,0,0,788.65,0,0,1333.56,0,0
12/28/20,1401.79,0,0,1170.61,0,0,1686.03,0,0,896.5,0,0,666.34,0,0,1124.23,0,0
12/29/20,1107.54,0,0,921.43,0,0,1333.94,0,0,704.93,0,0,530.45,0,0,885.15,0,0
12/30/20,1786.28,0,0,1504.03,0,0,2175.78,0,0,1145.08,0,0,862.53,0,0,1454.67,0,0
12/31/20,1154.86,0,0,969.19,0,0,1395.76,0,0,738.99,0,0,562.15,0,0,940.13,0,0
01/01/21,217.66,0,0,185.38,0,0,262.58,0,0,139.13,0,0,107.18,0,0,175.47,0,0
01/02/21,44.2,0,0,36.99,0,0,52.85,0,0,27.69,0,0,21.66,0,0,34.59,0,0
01/03/21,428.74,0,0,364.71,0,0,521.99,0,0,273.33,0,0,208.72,0,0,343.22,0,0
01/04/21,914.29,0,0,775.42,0,0,1101.39,0,0,584.55,0,0,438.71,0,0,731.34,0,0
01/05/21,1515.35,0.828056915,0.054644598,1261.34,0.510112436,0.040442104,1843.59,1.120489845,0.060777605,960.04,0,0,715.76,0.242897327,0.033935583,1205.72,0.71209801,0.059059982
01/06/21,1460.71,0,0,1225.07,0.211671631,0.017278329,1772.85,0,0,933.11,0,0,698.64,0,0,1167.85,0,0
01/07/21,349.85,0,0,294.57,0,0,420.43,0,0,223.4,0,0,167.56,0,0,277.29,0,0
01/08/21,702.74,0,0,598.6,0,0,852.44,0,0,450.21,0,0,344.5,0,0,568.21,0,0
01/09/21,763.07,0,0,642.25,0,0,925.53,0,0,486.65,0,0,373.48,0,0,614.28,0,0
01/10/21,84.32,0,0,71.18,0,0,100.88,0,0,53.37441667,0,0,41.25,0,0,66.88,0,0
01/11/21,930.45,0,0,788.94,0,0,1121.06,0,0,594.16,0,0,447.54,0,0,744.08,0,0
01/12/21,977.35,0,0,825.1,0,0,1186.35,0,0,623.41,0,0,466.81,0,0,777.26,0,0
01/13/21,931.99,0,0,790.92,0,0,1127.16,0,0,595.42,0,0,449.88,0,0,745.48,0,0
01/14/21,1180.73,0,0,998.39,0,0,1426.34,0,0,751.38,0,0,563.26,0,0,940.06,0,0
01/15/21,1629.29,0,0,1357.04,0,0,1968.16,0,0,1036.55,0,0,766.95,0,0,1296.19,0,0
01/16/21,1278.51,0,0,1068.42,0,0,1521.89,0,0,816.01,0,0,610.1,0,0,1025.69,0,0
01/17/21,1526.48,0,0,1264.58,0,0,1854.95,0,0,965.45,0,0,717.55,0,0,1203.4,0,0
01/18/21,1483.71,0,0,1250.69,0,0,1806.03,0,0,948.33,0,0,712.13,0,0,1188.65,0,0
01/19/21,1186.63,0,0,999.06,0.086172325,0.00862534,1423.98,0,0,762.21,0,0,576.95,0,0,961.92,0,0
01/20/21,1251.18,0,0,1041.37,0,0,1508.08,0,0,795.85,0,0,593.35,0,0,992.04,0,0
01/21/21,1557.33,0,0,1306.13,0,0,1876.64,0,0,990.29,0,0,733.79,0,0,1233.48,0,0
01/22/21,1358.15,0,0,1138.88,0,0,1642.43,0,0,861.81,0,0,651.66,0,0,1089.07,0,0
01/23/21,1254.81,0,0,1065.37,0,0,1521.9,0,0,805.53,0,0,607.97,0,0,1019.24,0,0
01/24/21,1630.83,0,0,1377.38,0,0,1969.52,0,0,1039.51,0,0,775.6,0,0,1313.79,0,0
01/25/21,1333.15,0,0,1111.02,0,0,1600.42,0,0,845.15,0,0,636.81,0,0,1069.41,0,0
01/26/21,1763.72,0,0,1483.15,0,0,2122.4,0,0,1133.05,0,0,842.78,0,0,1427.69,0,0
01/27/21,1336.09,0,0,1131.05,0,0,1612.28,0,0,852.61,0,0,639.18,0,0,1070.26,0,0
01/28/21,940.79,0,0,671.52,0,0,1109.8,0,0,576.05,0,0,450.84,0,0,762.29,0,0
01/29/21,1853.8,0,0,1550.89,0,0,2243.59,0,0,1183.36,0,0,887.71,0,0,1492.87,0,0
01/30/21,1821.37,0,0,1525.77,0,0,2215.32,0,0,1154.78,0,0,856.49,0,0,1442.38,0,0
01/31/21,1574.36,0,0,1317.11,0,0,1905.88,0,0,1001.67,0,0,755.42,0,0,1265.45,0,0
02/01/21,1535.35,0,0,1301.27,0,0,1857.88,0,0,984.04,0,0,741.5,0,0,1242.34,0,0
02/02/21,1432.89,0.497613051,0.034727931,1213.14,0.225217953,0.018564877,1733.2,0,0,916.03,0,0,686.57,0.058633949,0.008540127,1152.63,0.342422921,0.029707965
02/03/21,1736.76,0,0,1457.79,0.005548101,0.000380583,2095.11,0,0,1104.5,0,0,819.16,0,0,1381.53,0,0
02/04/21,2120.44,0,0,1781.06,0,0,2569.54,0,0,1351.37,0,0,1009.8,0,0,1709.26,0,0
02/05/21,1862.78,0,0,1574.82,0,0,2234.03,0,0,1198.92,0,0,898.68,0,0,1517.39,0,0
02/06/21,1825.55,0,0,1526.21,0,0,2205.31,0,0,1156.33,0,0,850.39,0,0,1441.92,0,0
02/07/21,2068.12,0,0,1732.18,0,0,2496.04,0,0,1312.77,0,0,976.53,0,0,1653.79,0,0
02/08/21,1566.49,0,0,1317.15,0,0,1920.27,0,0,991.72,0,0,748.89,0,0,1248.97,0,0
02/09/21,1788.45,0,0,1501.75,0,0,2132.03,0,0,1140.7,0,0,850.07,0,0,1436.01,0,0
02/10/21,1000.83,0,0,833.78,0,0,1194.25,0,0,637.14,0,0,472.01,0,0,790.55,0,0
02/11/21,0,0,,0,0,,0,0,,0,0,,0,0,,0,0,
02/12/21,0,0,,0,0,,0,0,,0,0,,0,0,,0,0,
02/13/21,0,0,,0,0,,0,0,,0,0,,0,0,,0,0,
02/14/21,0,0,,0,0,,0,0,,0,0,,0,0,,0,0,
02/15/21,0,0,,0,0,,0,0,,0,0,,0,0,,0,0,
02/16/21,0,0,,0,0,,0,0,,0,0,,0,0,,0,0,
02/17/21,0,0,,0,0,,0,0,,0,0,,0,0,,0,0,
02/18/21,0,0,,0,0,,0,0,,0,0,,0,0,,0,0,
02/19/21,0,0,,0,0,,0,0,,0,0,,0,0,,0,0,
02/20/21,0,0,,0,0,,0,0,,0,0,,0,0,,0,0,
02/21/21,0,0,,0,0,,0,0,,0,0,,0,0,,0,0,
02/22/21,0,0,,0,0,,0,0,,0,0,,0,0,,0,0,
02/23/21,1412.85,0,0,1209.89,0,0,1726.06,0,0,902.92,0,0,688.27,0,0,1150.02,0,0
02/24/21,1047.96,0,0,883.43,0,0,1267.02,0,0,667.08,0,0,504.73,0,0,837.53,0,0
02/25/21,1584.82,0,0,1352.61,0,0,1937.36,0,0,1013.55,0,0,767.55,0,0,1279.86,0,0
02/26/21,1876.45,0,0,1561.2,0,0,2227.17,0,0,1187.17,0,0,869.29,0,0,1474.87,0,0
02/27/21,2033.7,0,0,1720.69,0,0,2418.29,0,0,1308.19,0,0,979.15,0,0,1655.31,0,0
02/28/21,1731.63,0,0,1452.87,0,0,2118.34,0,0,1095.72,0,0,812.06,0,0,1364.61,0,0
03/01/21,1810.8,0,0,1522.64,0,0,2196.55,0,0,1145.86,0,0,853.44,0,0,1437.43,0,0
03/02/21,2135.25,0,0,1790.74,0,0,2574.22,0,0,1350.21,0,0,991.11,0,0,1680.72,0,0
03/03/21,2046.41,0,0,1742.62,0,0,2489.46,0,0,1304.57,0,0,976.9,0,0,1641.72,0,0
03/04/21,1651.61,0,0,1377.99,0,0,1993.5,0,0,1045.52,0,0,780.79,0,0,1318.27,0,0
03/05/21,1626.69,0,0,1351.71,0,0,1925.55,0,0,1033.5,0,0,768.91,0,0,1300.97,0,0
03/06/21,1677.24,0,0,1410.37,0,0,2039.51,0,0,1056.53,0,0,789.09,0,0,1321.03,0,0
03/07/21,1005.63,0,0,853.01,0,0,1229.59,0,0,644.67,0,0,493.28,0,0,814.28,0,0
03/08/21,2203.25,0,0,1865.35,0,0,2652.28,0,0,1404.98,0,0,1057.3,0,0,1780.82,0,0
03/09/21,1918.13,1.431122891,0.074610318,1611.38,0.782337311,0.048550765,2322.16,0.573075665,0.024678561,1215.51,0,0,912.65,0,0,1535.26,0.268767712,0.017506332
03/10/21,2290.14,0,0,1927.41,0,0,2771.87,0,0,1448.53,0,0,1094.76,0,0,1833.56,0,0
03/11/21,1718.87,0,0,1469.07,0,0,2057.2,0,0,1118.23,0,0,851.49,0,0,1434.62,0,0
03/12/21,1024.67,0,0,859.08,0,0,1237.06,0,0,649.08,0,0,488.64,0,0,815.26,0,0
03/13/21,1509.6,0,0,1284.04,0,0,1813.25,0,0,964.23,0,0,732.71,0,0,1229.34,0,0
03/14/21,1100.68,0,0,923.46,0,0,1332.52,0,0,698.5,0,0,525.12,0,0,878.28,0,0
03/15/21,1385.65,0,0,1163.15,0,0,1653.82,0,0,884.8,0,0,657.45,0,0,1104.92,0,0
03/16/21,1273.53,0,0,1046.01,0,0,1513.89,0,0,800.7,0,0,603.1,0,0,1006.4,0,0
03/17/21,1591.3,0,0,1351.01,0,0,1907.87,0,0,1020.35,0,0,774.09,0,0,1298.89,0,0
03/18/21,1640.01,0,0,1398.83,0,0,1977.01,0,0,1050.19,0,0,789.86325,0,0,1332.13,0,0
03/19/21,1869.07,0,0,1584.38,0,0,2252.74,0,0,1193.15,0,0,903.77,0,0,1517.51,0,0
03/20/21,1284.83,0,0,1076.89,0,0,1538.3,0,0,813.7,0,0,615.75,0,0,1028.71,0,0
03/21/21,1767.53,0,0,1492.33,0,0,2132.73,0,0,1121.57,0,0,849.04,0,0,1423.61,0,0
03/22/21,1790.56,0,0,1509.48,0,0,2166.86,0,0,1135.31,0,0,858.21,0,0,1436.3,0,0
03/23/21,1390.36,0,0,1155.32,0,0,1669.33,0,0,875.19,0,0,651,0,0,1087.79,0,0
03/24/21,901.97,0,0,746.57,0,0,1082.14,0,0,568.06,0,0,430.83,0,0,712.46,0,0
03/25/21,1022.81,0,0,853.94,0,0,1225.78,0,0,646.32,0,0,483.03,0,0,805.06,0,0
03/26/21,1995.73,0,0,1698.13,0,0,2421.07,0,0,1278.85,0,0,967.34,0,0,1625.33,0,0
03/27/21,1206.45,0,0,1006.6,0,0,1447.09,0,0,762.31,0,0,573.57,0,0,955.44,0,0
03/28/21,1616.56,0,0,1419.2,0,0,2012.5,0,0,1056.03,0,0,818.89,0,0,1369.39,0,0
03/29/21,1048.47,0,0,876.65,0,0,1251.75,0,0,663.44,0,0,485.29,0,0,815.44,0,0
03/30/21,1702.21,0,0,1448.15,0,0,2061.95,0,0,1086.93,0,0,826.04,0,0,1379.12,0,0
03/31/21,2108.29,0,0,1793.61,0,0,2552.13,0,0,1351.27,0,0,1015.26,0,0,1703.78,0,0
04/01/21,1746.92,0,0,1472.95,0,0,2107.27,0,0,1117.41,0,0,835.27,0,0,1393.07,0,0
04/02/21,1879.155,0,0,1611.61,0,0,2303.22,0,0,1197.38,0,0,922.57,0,0,1541.39,0,0
04/03/21,1504.02,0,0,1305.23,0,0,1863.29,0,0,963.97,0,0,746.46,0,0,1241.7,0,0
04/04/21,1020.23,0,0,868.01,0,0,1245.65,0,0,649.95,0,0,497.46,0,0,824.04,0,0
04/05/21,1038.16,0,0,880.84,0,0,1252.52,0,0,662.54,0,0,499.51,0,0,835.01,0,0
04/06/21,1087.8,0,0,921.11,0,0,1274.4,0,0,701.38,0,0,532.48,0,0,899.41,0,0
04/07/21,1965.99,0,0,1665.56,0,0,2369.77,0,0,1247.46,0,0,938.3,0,0,1574.59,0,0
04/08/21,1680.47,0,0,1440.98,0,0,2041.34,0,0,1073.91,0,0,818.43,0,0,1371.06,0,0
04/09/21,1589.95,0,0,1343.53,0,0,1918.13,0,0,1010.98,0,0,767.12,0,0,1286.09,0,0
04/10/21,1756.14,0,0,1475.05,0,0,2104.41,0,0,1115.38,0,0,840.63,0,0,1415.49,0,0
04/11/21,1941.19,0,0,1621.05,0,0,2323.43,0,0,1232.09,0,0,923.99,0,0,1546.75,0,0
04/12/21,1938.38,0,0,1647.58,0,0,2339.22,0,0,1235.53,0,0,935.3,0,0,1565.56,0,0
04/13/21,1442.4,0,0,1240.19,0,0,1754.55,0,0,929.35,0,0,714.22,0,0,1182.36,0,0
04/14/21,0,0,,0,0,,0,0,,0,0,,0,0,,0,0,
04/15/21,493.2906667,0,0,425.8783333,0,0,589.9064167,0,0,318.7713333,0,0,245.07725,0,0,505.79,0,0
04/16/21,1229.53,0,0,1050.08,0,0,1486.95,0,0,790.96,0,0,604.14,0,0,1005.63,0,0
04/17/21,378.54,0,0,312.61,0,0,455.89,0,0,238.06,0,0,185.05,0,0,301.4,0,0
04/18/21,1843.74,0,0,1585.47,0,0,2250.31,0,0,1181.41,0,0,896.81,0,0,1509.75,0,0
04/19/21,1370.23,0,0,1159.21,0,0,1657.88,0,0,872.51,0,0,661.97,0,0,1098.76,0,0
04/20/21,2108.59,0,0,1801.54,0,0,2558.33,0,0,1342.04,0,0,1031.66,0,0,1707.84,0,0
04/21/21,1444.84,0,0,1231.44,0,0,1787.39,0,0,910.03,0,0,702.83,0,0,1156.72,0,0
04/22/21,615.86,0,0,516.94,0,0,747.4,0,0,388.36,0,0,299.53,0,0,488.76,0,0
04/23/21,1935.65,0,0,1639.26,0,0,2338.22,0,0,1230.96,0,0,928.35,0,0,1544.15,0,0
04/24/21,486.18,0,0,409.73,0,0,586.82,0,0,309.33,0,0,233.4,0,0,386.96,0,0
04/25/21,1800.78,0,0,1519.98,0,0,2137.991167,0,0,1145.28,0,0,856.41,0,0,1436.56,0,0
04/26/21,1448.93,0,0,1236.45,0,0,1762.23,0,0,928.91,0,0,710.78,0,0,1188.02,0,0
04/27/21,1179.27,0,0,998.01,0,0,1390.83,0,0,752.71,0,0,577.96,0,0,961.44,0,0
04/28/21,1530.87,0,0,1297.66,0,0,1850.41,0,0,967.96,0,0,740.06,0,0,1218.79,0,0
04/29/21,1881.09,0,0,1593.32,0,0,2279.41,0,0,1192.16,0,0,918.06,0,0,1524.61,0,0
04/30/21,1276.38,0,0,1109.11,0,0,1560.68,0,0,828.32,0,0,642.81,0,0,1061.72,0,0
05/01/21,1513.35,0,0,1240.76,0,0,1786.99,0,0,941.1,0,0,692.58,0,0,1153.94,0,0
05/02/21,2261.46,0,0,1863.57,0,0,2683.03,0,0,1410.19,0,0,1048.44,0,0,1749.99,0,0
05/03/21,1708.9,0,0,1442.69,0,0,74.22,0,0,1085.94,0,0,820.6473333,0,0,1379.62,0,0
05/04/21,1063.55,0,0,905.33,0,0,0,0,,679.5,0,0,504.6,0,0,844.47,0,0
05/05/21,1347.37,0,0,1143.2,0,0,632.2974167,0,0,855.97,0,0,572.5605833,0,0,1079.09,0,0
05/06/21,959.55,0,0,817.01,0,0,1152.32,0,0,616.21,0,0,463.72,0,0,773.44,0,0
05/07/21,1115.27,0,0,926.53,0,0,1331.6,0,0,698.87,0,0,517.38,0,0,860.55,0,0
05/08/21,1010.22,0,0,859.41,0,0,1224.95,0,0,641.82,0,0,490.08,0,0,806.5,0,0
05/09/21,1310.53,0,0,1103.53,0,0,1564.03,0,0,821.62,0,0,630.76,0,0,1037.58,0,0
05/10/21,1708.63475,0,0,1433.75,0,0,1999.3,0,0,1090.82,0,0,818.66,0,0,1370.85,0,0
05/11/21,16.89,0,0,13.02,0,0,20.73,0,0,10.15,0,0,9.6,0,0,11.71,0,0
05/12/21,898.66,0,0,767.11,0,0,1092.46,0,0,573.18,0,0,438.78,0,0,725.89,0,0
05/13/21,1085.16,0,0,923.97,0,0,1315.74,0,0,689.63,0,0,527.86,0,0,864.66,0,0
05/14/21,1286.23,0,0,1085.65,0,0,1547.21,0,0,817.58,0,0,619.3,0,0,1024.84,0,0
05/15/21,1456.7,0,0,1238.24,0,0,1771.37,0,0,926.39,0,0,698.14,0,0,1162.93,0,0
05/16/21,1350.7,0,0,1184.05,0,0,1693.17,0,0,877.97,0,0,706.14,0,0,1152.32,0,0
05/17/21,881.28,0,0,763.2,0,0,1084.95,0,0,571.15,0,0,448.42,0,0,734.61,0,0
05/18/21,884.38,0,0,750.38,0,0,1075.37,0,0,560.08,0,0,432.46,0,0,707.12,0,0
05/19/21,801.93,0,0,684.7,0,0,974.7,0,0,513.18,0,0,391.44,0,0,646.05,0,0
05/20/21,1253.28,0,0,1072.16,0,0,1527.21,0,0,794.89,0,0,616.74,0,0,1005.14,0,0
05/21/21,734.09,0,0,621.09,0,0,886.3335833,0,0,460.52,0,0,356.96,0,0,576.06,0,0
05/22/21,1292.55,0,0,1096.2,0,0,1566.630333,0,0,821.44,0,0,622.64,0,0,1033.36,0,0
05/23/21,1924.31,0,0,1643.56,0,0,2334.92,0,0,1219.44,0,0,945,0,0,1554.55,0,0
05/24/21,1580.18,0,0,1354.05,0,0,1927.58,0,0,1006.53,0,0,774.28,0,0,1270.49,0,0
05/25/21,1612.62,0,0,1372.45,0,0,1936.77,0,0,1023.26,0,0,779.5,0,0,1284.77,0,0
05/26/21,1238.96,0,0,1057.82,0,0,1511.87,0,0,792.6,0,0,615.42,0,0,1010.24,0,0
05/27/21,1532.46,0,0,1303,0,0,1858.84,0,0,974.49,0,0,747.16,0,0,1234.2,0,0
05/28/21,1694.4,0,0,1451.59,0,0,2071.49,0,0,1074.25,0,0,818.1,0,0,1356.1,0,0
05/29/21,1272.88,0,0,1077.6,0,0,1538.37,0,0,809.68,0,0,615.28,0,0,1012.3,0,0
05/30/21,1427.88,0,0,1221.43,0,0,1735.57,0,0,911.65,0,0,706.44,0,0,1157.45,0,0
05/31/21,1901.49475,0,0,1629.91,0,0,2329.68,0,0,1208.95,0,0,924.08,0,0,1532.61,0,0
06/01/21,1003.64,0,0,868.17,0,0,1257.84,0,0,638.82,0,0,500.78,0,0,815.26,0,0
06/02/21,1067.7,0,0,917.67,0,0,1317.04,0,0,680.56,0,0,529.7,0,0,864.35,0,0
06/03/21,1501.94,0,0,1290.99,0,0,1822.73,0,0,964.09,0,0,723.28,0,0,1203.78,0,0
06/04/21,0,0,,0,0,,0,0,,0,0,,0,0,,0,0,
06/05/21,0,0,,0,0,,0,0,,0,0,,0,0,,0,0,
06/06/21,0,0,,0,0,,0,0,,0,0,,0,0,,0,0,
06/07/21,604.3828333,0,0,518.2995,0,0,725.2624167,0,0,391.1695,0,0,288.1013333,0,0,531.43,0,0
06/08/21,1659.02,0,0,1420.06,0,0,2025.78,0,0,1060.69,0,0,807.68,0,0,1343.93,0,0
06/09/21,1170.98,0,0,995.8,0,0,1407.23,0,0,746.33,0,0,569.64,0,0,936.7,0,0
06/10/21,1279.36,0,0,1101.99,0,0,1547.9,0,0,823.27,0,0,636.72,0,0,1045.6,0,0
06/11/21,1279.16,0,0,1088.06,0,0,1539.8,0,0,817.1,0,0,614.96,0,0,1024.37,0,0
06/12/21,1347.64,0,0,1165.22,0,0,1672.68,0,0,861.28,0,0,660.04,0,0,1086.03,0,0
06/13/21,1729.14,0,0,1488.04,0,0,2129.73,0,0,1099.68,0,0,845,0,0,1391.77,0,0
06/14/21,1244.12,0,0,1109.59,0,0,1618.45,0,0,797.41,0,0,661.78,0,0,1054.8,0,0
06/15/21,1179.18,0,0,1027.08,0,0,1491.19,0,0,749.17,0,0,590.74,0,0,959.37,0,0
06/16/21,1457,0,0,1232.54,0,0,1759.38,0,0,923.03,0,0,694.4,0,0,1147.86,0,0
06/17/21,1432.56,0,0,1242.54,0,0,1787.01,0,0,913.97,0,0,717.16,0,0,1172.77,0,0
06/18/21,688.98,0,0,586.15,0,0,834.74,0,0,440.51,0,0,331.26,0,0,551.09,0,0
06/19/21,1218.7,0,0,1031.89,0,0,1470.36,0,0,774.05,0,0,585.04,0,0,972.47,0,0
06/20/21,1201.66,0,0,1037.99,0,0,1480.95,0,0,766.83,0,0,597.6,0,0,975.19,0,0
06/21/21,1901.26,0,0,1627.11,0,0,2311.9,0,0,1208.05,0,0,921.78,0,0,1523.58,0,0
06/22/21,1338.82,0,0,1138.31,0,0,1624.51,0,0,848.34,0,0,646.62,0,0,1063.04,0,0
06/23/21,1929.42,0,0,1650.65,0,0,2336.07,0,0,1232.45,0,0,935.06,0,0,1555.36,0,0
06/24/21,1394.72,0,0,1177.8,0,0,1683.63,0,0,875.3,0,0,667.64,0,0,1099.59,0,0
06/25/21,1359.16,0,0,1159.69,0,0,1663.57,0,0,860.37,0,0,648.66,0,0,1070.27,0,0
06/26/21,1253.52,0,0,1076.85,0,0,1537.47,0,0,797.15,0,0,620.32,0,0,1015.42,0,0
06/27/21,287.12,0,0,244.1,0,0,349.2,0,0,182.1,0,0,139.74,0,0,228.87,0,0
06/28/21,1578.72,0,0,1375.71,0,0,1946.25,0,0,1012.96,0,0,793.28,0,0,1307.99,0,0
06/29/21,1341.72,0,0,1141.93,0,0,1638.26,0,0,853.06,0,0,655.62,0,0,1072.63,0,0
06/30/21,1915.78,0,0,1637.93,0,0,2332.17,0,0,1216.67,0,0,930.98,0,0,1536.79,0,0
07/01/21,1609.68,0,0,1376.18,0,0,1946.68,0,0,1024.16,0,0,785.82,0,0,1295.73,0,0
07/02/21,1336.94,0,0,1154.24,0,0,1615.93,0,0,864.64,0,0,661.94,0,0,1102.1,0,0
07/03/21,928.94,0,0,788.69,0,0,1138.85,0,0,582.23,0,0,452.25725,0,0,738.04,0,0
07/04/21,713.46,0,0,608.47,0,0,865.69,0,0,456.39,0,0,345.5,0,0,570.3,0,0
07/05/21,1411.68,0,0,1206.92,0,0,1732.39,0,0,898.98,0,0,691.24,0,0,1141.93,0,0
07/06/21,850.5624167,0,0,723.97,0,0,1031.56,0,0,542,0,0,412.56,0,0,679.98,0,0
07/07/21,1169.62,0,0,997.5,0,0,1409.68,0,0,748.95,0,0,561.92,0,0,936.47,0,0
07/08/21,1489,0,0,1273.76,0,0,1825.310417,0,0,946.5,0,0,724.46,0,0,1196.48,0,0
07/09/21,1427.8,0,0,1212.79,0,0,1723.47,0,0,911.63,0,0,688.08,0,0,1136.71,0,0
07/10/21,500.5895,0,0,426.1190833,0,0,608.38725,0,0,319.74775,0,0,241.5880833,0,0,400.6636667,0,0
07/11/21,1053.16,0,0,900.8,0,0,1279.71,0,0,673.12,0,0,510.5,0,0,846.87,0,0
07/12/21,1659.76,0,0,1438.02,0,0,2060.96,0,0,1057.08,0,0,821.3,0,0,1350.36,0,0
07/13/21,365.56,0,0,309.13,0,0,442.1,0,0,233.26,0,0,176.5,0,0,290.44,0,0
07/14/21,674.02,0,0,573.19,0,0,817.87,0,0,432.31,0,0,325.76,0,0,539.18,0,0
07/15/21,2019.56,0,0,1741.91,0,0,2464.4,0,0,1295.72,0,0,988.6,0,0,1641.23,0,0
07/16/21,1470.78,0,0,1275.82,0,0,1815.42,0,0,952.31,0,0,722.26,0,0,1196.85,0,0
07/17/21,1749.3,0,0,1514.02,0,0,2170.42,0,0,1117.39,0,0,864.14,0,0,1418.82,0,0
07/18/21,1589.72,0,0,1363.43,0,0,1944.66,0,0,1016.41,0,0,781.32,0,0,1285.2,0,0
07/19/21,998.9,0,0,855.28,0,0,1220.97,0,0,639.38,0,0,486.74,0,0,802,0,0
07/20/21,1695.64,0,0,1458.02,0,0,2076.95,0,0,1083.69,0,0,828.56,0,0,1368.21,0,0
07/21/21,1768.32,0,0,1514.66,0,0,2169.12,0,0,1124.61,0,0,866.58,0,0,1423.06,0,0
07/22/21,1853.86,0,0,1600.54,0,0,2304.11,0,0,1188.3,0,0,927.4,0,0,1521.91,0,0
07/23/21,1689.96,0,0,1453.53,0,0,2069.31,0,0,1079.88,0,0,851.7,0,0,1415.03,0,0
07/24/21,1886.64,0,0,1639.01,0,0,2314.24,0,0,1213.62,0,0,943.48,0,0,1579.87,0,0
07/25/21,1823.96,0,0,1596.81,0,0,2271.55,0,0,1175.86,0,0,921.78,0,0,1533.96,0,0
07/26/21,1372.22,0,0,1193.29,0,0,1688.35,0,0,875.14,0,0,687.06,0,0,1141.91,0,0
07/27/21,1467.34,0,0,1309.83,0,0,1785.15,0,0,954.49,0,0,746.28,0,0,1238.22,0,0
07/28/21,1712.06,0,0,1532.81,0,0,2102.35,0,0,1141.93,0,0,853.28,0,0,1421.1,0,0
07/29/21,1818.1,0,0,1627.22,0,0,2250.68,0,0,1212.74,0,0,910.36,0,0,1516.11,0,0
07/30/21,1701.38,0,0,1506.76,0,0,2081.3,0,0,1124.65,0,0,848.9,0,0,1411.49,0,0
07/31/21,1288.84,0,0,1143.66,0,0,1572.58,0,0,856.6,0,0,632.54,0,0,1065.13,0,0
08/01/21,977.6,0,0,853.37,0,0,1191.93,0,0,645.04,0,0,490.8,0,0,815.84,0,0
08/02/21,1150.6,0,0,996.13,0,0,1385.89,0,0,748.43,0,0,569.6,0,0,939.83,0,0
08/03/21,1349.64,0,0,1161.54,0,0,1621.71,0,0,862.57,0,0,655.4,0,0,1092.07,0,0
08/04/21,900.74,0,0,767.72,0,0,1074.21,0,0,577.01,0,0,434.4,0,0,722.52,0,0
08/05/21,1797.88,0,0,1545.06,0,0,2179.41,0,0,1151.27,0,0,883.9,0,0,1468.44,0,0
08/06/21,1209.74,0,0,1018.52,0,0,1462.43,0,0,764.29,0,0,578.68,0,0,957.83,0,0
08/07/21,1037.56,0,0,879.19,0,0,1234.99,0,0,660.77,0,0,500.76,0,0,835.78,0,0
08/08/21,1193.44,0,0,1009.36,0,0,1408.59,0,0,760.12,0,0,579.06,0,0,969.81,0,0
08/09/21,1946.72,0,0,1655.59,0,0,2328.09,0,0,1239.28,0,0,937.58,0,0,1565.83,0,0
08/10/21,1457.896417,0,0,1248.88,0,0,1772.21,0,0,928.53,0,0,720.68,0,0,1191.29,0,0
08/11/21,1853.16,0,0,1578.52,0.422861373,0.026788471,2249.53,0.183357291,0.008150916,1181.1,0,0,902.82,0.327741721,0.036302,1500.56,0.447989071,0.029854792
08/12/21,1145.6,0,0,979.41,0,0,1418.74,0,0,726.62,0,0,563.18,0,0,923.37,0,0
08/13/21,1202.62,0,0,1034.18,0,0,1487.75,0,0,767.69,0,0,601.84,0,0,986.88,0,0
08/14/21,1442.7,0,0,1237.77,0,0,1752.82,0,0,923.08,0,0,704.44,0,0,1176.3,0,0
08/15/21,1691.62,0,0,1442.51,0,0,2044.86,0,0,1079.12,0,0,818.48,0,0,1362.09,0,0
08/16/21,1650.42,0,0,1372.3,0,0,1954.67,0,0,1041.28,0,0,782.4,0,0,1300.9,0,0
08/17/21,965.78,0,0,814.83,0,0,1159.44,0,0,614.22,0,0,459.62,0,0,766.79,0,0
08/18/21,740.2431667,0,0,627.27,0,0,887.24,0,0,474.18,0,0,356.52,0,0,594.05,0,0
08/19/21,1906.36,0,0,1613.06,0,0,2285.71,0,0,1215.18,0,0,920.32,0,0,1532.55,0,0
08/20/21,497.5,0,0,419.2,0,0,593.64,0,0,317.28,0,0,238.46,0,0,397.24,0,0
08/21/21,1394.46,0,0,1189.65,0,0,1691.78,0,0,890.12,0,0,672.82,0,0,1121.18,0,0
08/22/21,1004.16,0,0,854.33,0,0,1213.58,0,0,640.81,0,0,483.76,0,0,806.23,0,0
08/23/21,1535.36,0,0,1308.9,0,0,1849.11,0,0,982.22,0,0,742.6,0,0,1238.76,0,0
08/24/21,355.42,0,0,302.8536667,0,0,430.04,0,0,227,0,0,174.12,0,0,286.95,0,0
08/25/21,942.74,0,0,801.23,0,0,1141.32,0,0,601.73,0,0,457.3,0,0,757.87,0,0
08/26/21,1438.98,0,0,1224.69,0,0,1736.65,0,0,922.09,0,0,691.62,0,0,1158.01,0,0
08/27/21,1809.52,0.269624479,0.014900332,1555.59,0.140187718,0.009011868,2208.1,0,0,1158.12,0,0,879.68,0,0,1461.34,0.000691077,4.73E-05
08/28/21,1853.08,0,0,1587.36,0,0,2301.11,0,0,1179.1,0,0,902.76,0,0,1500.36,0,0
08/29/21,800.46,0,0,681.44,0,0,969.15,0,0,511.61,0,0,397.88,0,0,654.07,0,0
08/30/21,806.56,0,0,684.11,0,0,975.11,0,0,514.96,0,0,388.72,0,0,646.69,0,0
08/31/21,1349.24,1.900937573,0.140889506,1151.48,0,0,1641.89,0,0,862.43,0,0,648.16,0,0,1084.09,0,0
09/01/21,1744.5,0,0,1487.66,0,0,2114.2,1.150897549,0.05443655,1115.12,0,0,846.8,0,0,1406.04,0.68873893,0.048984306
09/02/21,770.86,0,0,653.24,0,0,928.02,0,0,492.44,0,0,371.06,0,0,617.93,0,0
09/03/21,1566.56,0,0,1318.73,0,0,1860.29,0,0,1009.95,0,0,746.06,0,0,1263.94,0,0
09/04/21,1873.12,0,0,1586.74,0,0,2248.66,0,0,1203.62,0,0,895.18,0,0,1513.61,0,0
09/05/21,1917.76,0,0,1636.72,0,0,2315.31,0,0,1231.03,0,0,930.5,0,0,1564.04,0,0
09/06/21,1830.14,0,0,1523.37,0,0,2172.16,0,0,1155.75,0,0,872.78,0,0,1458.57,0,0
09/07/21,2092.84,0,0,1771.42,0,0,2527.25,0,0,1329.85,0,0,1008.38,0,0,1676.87,0,0
09/08/21,2023.8,0,0,1728.02,0,0,2462.03,0,0,1289.15,0,0,985.92,0,0,1635.48,0,0
09/09/21,1900.3,0,0,1601.4,0,0,2296.34,0,0,1207.04,0,0,926.46,0,0,1540.27,0,0
09/10/21,1464.76,0,0,1240.05,0.242098402,0.019523277,1762.62,0,0,935.31,0,0,705.76,0,0,1176.59,0,0
09/11/21,1906.14,0,0,1622.87,0,0,2311.85,0,0,1219.21,0,0,925.78,0,0,1539.64,0,0
09/12/21,1462.68,2.059856955,0.140827587,1236.34,1.309944829,0.105953446,1775.82,2.797921241,0.157556579,926.92,0,0,694.12,0.69464312,0.100075364,1155.57,1.15089241,0.099595214
09/13/21,792.84,0,0,669.67,0,0,953.36,0,0,505.57,0,0,380.96,0,0,632.21,0,0
09/14/21,1058.32,0,0,905.54,0,0,1289.09,0,0,676.32,0,0,513.34,0,0,853.19,0,0
09/15/21,1823.2,0,0,1568.97,0,0,2208.25,0,0,1182.857917,0,0,889.54,0,0,1495.43,0,0
09/16/21,1676.62,0,0,1422.89,0,0,2028.97,0,0,1069.11,0,0,805,0,0,1356.09,0,0
09/17/21,2247.36,0,0,1910,0,0,2743.2,0,0,1437.26,0,0,1117.86,0,0,1864.15,0,0
09/18/21,1739.3,0,0,1466.37,0,0,2105.02,0,0,1115.56,0,0,849.1,0,0,1408.24,0,0
09/19/21,541.16,0,0,453.54,0,0,647.31,0,0,344.7,0,0,259.76,0,0,430.27,0,0
09/20/21,2018.42,0,0,1714.85,0,0,2425.63,0,0,1296.11,0,0,989.4,0,0,1654.3,0,0
09/21/21,1048.38,0,0,886.35,0,0,1269.65,0.175494329,0.01382226,671.66,0,0,511.6,0,0,848.09,0.530102713,0.062505479
09/22/21,1662,0,0,1418.86,0.012236591,0.000862424,2018.84,0,0,1067.03,0,0,809.72,0,0,1352.04,0,0
09/23/21,1930.5,0,0,1648.63,0,0,2355.17,0,0,1238.91,0,0,938.24,0,0,1566.97,0,0
09/24/21,1244.66,0,0,1044.08,0,0,1498.3,0,0,789.07,0,0,584.28,0,0,983.33,0,0
09/25/21,1779.18,0,0,1513.02,0,0,2152.21,0,0,1134.17,0,0,861.58,0,0,1435.69,0,0
09/26/21,1443.04,0,0,1217.95,0,0,1736,0,0,925.66,0,0,700.98,0,0,1172.16,0,0
09/27/21,1040.3,0,0,868.14,0,0,1239.79,0,0,664,0,0,488.94,0,0,818.25,0,0
09/28/21,1208.76,0,0,1027.03,0,0,1462.08,0,0,771.87,0,0,586.84,0,0,977.82,0,0
09/29/21,1504,0,0,1278.92,0,0,1820.09,0,0,968.58,0,0,741.16,0,0,1232.22,0,0
09/30/21,557.36,0,0,471.97,0,0,668.39,0,0,356.73,0,0,270.16,0,0,447.03,0,0
10/01/21,1173.42,0,0,992.66,0,0,1429.44,0,0,744.65,0,0,566.92,0,0,937.59,0,0
10/02/21,916.18,0,0,781.01,0,0,1105.23,0,0,587.65,0,0,442.6,0,0,738.56,0,0
10/03/21,1608.6,0,0,1360.46,0,0,1944.59,0,0,1028.44,0,0,783.08,0,0,1306.24,0,0
10/04/21,1839.42,0,0,1568.27,0,0,2250.38,0,0,1178.56,0,0,906.04,0,0,1511.46,0,0
10/05/21,738.94,0,0,622.13,0,0,886.9,0,0,471.09,0,0,356.66,0,0,590,0,0
10/06/21,2193.16,0,0,1833.68,0,0,2619.54,0,0,1391.62,0,0,1033.72,0,0,1739.86,0,0
10/07/21,1821.84,0.307931069,0.016902202,1539.04,0.360743641,0.023439523,2201.3,0,0,1168.24,0.18883413,0.016163984,879.62,0,0,1466.46,0.152067222,0.010369681
10/08/21,2238.58,0,0,1892.86,0,0,2708.63,0,0,1427.82,0,0,1082.94,0,0,1810.27,0,0
10/09/21,2226.42,0,0,1887.62,0,0,2707.88,0,0,1417.12,0,0,1072.14,0,0,1787.31,0,0
10/10/21,906.84,0,0,774.11,0,0,1110.38,0,0,581.92,0,0,449.32,0,0,745.2,0,0
10/11/21,2166.92,0.573948512,0.026486834,1840.83,0.707749314,0.038447294,2642.27,1.139435352,0.04312335,1381.56,0.152387133,0.011030077,1053.16,0.409140443,0.03884884,1749.16,0.405726367,0.023195498
10/12/21,0,0,,0,0,,0,0,,0,0,,0,0,,0,0,
10/13/21,1722.5,0,0,1460.59,0,0,2091.09,0,0,1105.84,0,0,840.68,0,0,1410.59,0,0
10/14/21,1644.52,0.042860707,0.002606275,1398.29,0.113958987,0.008149882,1996.87,0,0,1057.83,0,0,796.66,0,0,1332.85,0,0
10/15/21,2070.22325,0,0,1753.856417,0,0,2508.785083,0,0,1323.740417,0,0,998.1538333,0,0,1679.020583,0,0
10/16/21,1371.46,0,0,1152.9,0,0,1657.11,0,0,877.38,0,0,660.14,0,0,1102.54,0,0
10/17/21,1084.76,0,0,916.63,0,0,1314.96,0,0,691.22,0,0,525.82,0,0,872.42,0,0
10/18/21,1035,0,0,866.05,0,0,1248.87,0,0,660.88,0,0,502.42,0,0,835.06,0,0
10/19/21,1724.76,0,0,1466.74,0,0,2071.09,0,0,1113.82,0,0,839.88,0,0,1423.38,0,0
10/20/21,769.76,0,0,640.01,0,0,930.17,0,0,490.68,0,0,374.3,0,0,621.37,0,0
10/21/21,1394.5,0,0,1189.01,0,0,1708.43,0,0,896.9,0,0,675.22,0,0,1133.85,0,0
10/22/21,1439.56,0,0,1203.62,0.029238642,0.002429225,1707.9,0,0,910.66,0,0,669.8,0,0,1128.76,0,0
10/23/21,1420.66,0,0,1223.57,0,0,1746.25,0,0,913.04,0,0,695.84,0,0,1162.99,0,0
10/24/21,1583.18,0,0,1352.52,0,0,1908.75,0,0,1016.56,0,0,766.76,0,0,1290.64,0,0
10/25/21,1143.14,0,0,975.65,0,0,1401.27,0,0,737.82,0,0,568.26,0,0,946.56,0,0
10/26/21,1613.84,0,0,1359.71,0,0,1961.97,0,0,1026.82,0,0,772.44,0,0,1289.45,0,0
10/27/21,2104.38,0,0,1789.32,0,0,2554.36,0,0,1357.48,0,0,1018.8,0,0,1714.55,0,0
10/28/21,1062.74,0,0,894.52,0,0,1282.29,0,0,677.08,0,0,507.92,0,0,848.17,0,0
10/29/21,1822.42,0,0,1548.46,0.414240475,0.026751771,2223.87,0.153638804,0.006908623,1166.56,0,0,882.34,0,0,1484.27,0.245423953,0.016534994
10/30/21,1611.98,0,0,1360.75,0,0,1943.14,0,0,1030.74,0,0,771.04,0,0,1295.77,0,0
10/31/21,1313.46,0.996099147,0.075837798,1110.71,0.415710723,0.037427476,1613.15,0.5619067,0.034832886,837.7,0,0,639.58,0.059001063,0.00922497,1055.86,0.280264216,0.026543691
11/01/21,1149.48,2.303524659,0.200397106,972.46,1.139755904,0.117203371,1378.47,0,0,735.76,0,0,548.06,0,0,920.74,0.457632549,0.04970269
11/02/21,1107.18,0,0,938.18,0,0,1349.58,0,0,711.74,0,0,539.4,0,0,897.89,0,0
11/03/21,1339.3,0,0,1132.28,0,0,1623.11,0,0,857.16,0,0,648.42,0,0,1084.85,0,0
11/04/21,1383.08,0,0,1165.2,0,0,1660.69,0,0,882.24,0,0,661.3,0,0,1117.48,0,0
11/05/21,912.3,0,0,776.13,0,0,1112.74,0,0,586.1,0,0,454.34,0,0,755.11,0,0
11/06/21,1820.44,0,0,1522.85,0,0,2190.22,0,0,1156.52,0,0,861.22,0,0,1453.25,0,0
11/07/21,818.7,0,0,689.04,0,0,994.56,0,0,523.3,0,0,395.26,0,0,656.51,0,0
11/08/21,807.9218333,0,0,684.278,0,0,971.083,0,0,516.59225,0,0,390.7620833,0,0,650.3924167,0,0
11/09/21,1114.02,0,0,937.19,0,0,1348.84,0,0,713.5,0,0,543.7,0,0,905.94,0,0
11/10/21,639.08,0,0,537.98,0,0,768.69,0,0,409.08,0,0,307.24,0,0,511.88,0,0
11/11/21,1344.32,0,0,1151.77,0,0,1638.45,0,0,868.1,0,0,657.78,0,0,1096.79,0,0
11/12/21,1770.18,0,0,1492.39,0,0,2131.96,0,0,1131.58,0,0,841.64,0,0,1412.54,0,0
11/13/21,979.56,0,0,832.36,0,0,1183.75,0,0,625.96,0,0,473.3,0,0,786.87,0,0
11/14/21,1750.9,0,0,1482.09,0,0,2092.73,0,0,1123.14,0,0,825.96,0,0,1408.18,0,0
11/15/21,888.04,0,0,749.38,0,0,1078.77,0,0,571.76,0,0,431.62,0,0,717.05,0,0
11/16/21,1244.04,0,0,1065.82,0,0,1532.55,0,0,808.18,0,0,628.28,0,0,1045.56,0,0
11/17/21,1354.56,0,0,1125.83,0,0,1619.63,0,0,860.3,0,0,641.5,0,0,1075.86,0,0
11/18/21,1209.4,0,0,1024.31,0,0,1462.03,0,0,774.8,0,0,578,0,0,975.72,0,0
11/19/21,1400.47925,0,0,1172.649833,0,0,1693.13275,0,0,895.5146667,0,0,674.4225,0,0,1127.826833,0,0
11/20/21,912.8,0,0,775.39,0,0,1101.61,0,0,585.06,0,0,439.38,0,0,734.46,0,0
11/21/21,1379.98,0,0,1170.02,0,0,1673.02,0,0,885.76,0,0,657.08,0,0,1111.41,0,0
11/22/21,1714.7,0,0,1460.24,0,0,2085.94,0,0,1103.94,0,0,830.04,0,0,1401.63,0,0
11/23/21,810.22,0,0,683.25,0,0,983.84,0,0,521.2,0,0,399.88,0,0,666.13,0,0
11/24/21,458.36,0,0,391.73,0,0,553.42,0,0,294,0,0,224.66,0,0,370.03,0,0
11/25/21,1619.64,0,0,1362.36,0,0,1943.56,0,0,1031.16,0,0,761.16,0,0,1294.65,0,0
11/26/21,1702.32,0,0,1444.57,0,0,2055.68,0,0,1096.3,0,0,816.58,0,0,1385.41,0,0
11/27/21,1461.84,0,0,1231.02,0,0,1757.29,0,0,938.82,0,0,696.1,0,0,1172.6,0,0
11/28/21,1611.74,0,0,1351.12,0,0,1928.69,0,0,1029.5,0,0,757.84,0,0,1279.36,0,0
11/29/21,2193.374583,0,0,1848.949167,0,0,2661.0705,0,0,1406.605417,0,0,1047.416167,0,0,1772.163583,0,0
11/30/21,2061.36,0,0,1728.37,0,0,2494.88,0,0,1317.94,0,0,986.38,0,0,1665.2,0,0
12/01/21,1787.16,0,0,1511.16,1.444434188,0.095584464,2175.07,1.817492964,0.083560206,1145.68,0,0,861.3,0.382097585,0.044362892,1451.69,0.713196001,0.049128671
12/02/21,566.94,0,0,479.57,0,0,682.34,0,0,362.34,0,0,272.84,0,0,453.49,0,0
12/03/21,1364.44,0,0,1158.2,0,0,1647.18,0,0,873.66,0,0,653.74,0,0,1094.62,0,0
12/04/21,1498.08,0,0,1268.91,0,0,1811.78,0,0,956.86,0,0,712.76,0,0,1199.38,0,0
12/05/21,1358.5,0,0,1144.94,0,0,1646.01,0,0,868.22,0,0,645.62,0,0,1086.84,0,0
12/06/21,1489.1,0,0,1240.24,0,0,1791.59,0,0,946.48,0,0,699.24,0,0,1178.73,0,0
12/07/21,1689.36,0,0,1397.58,0,0,2011.02,0,0,1071.24,0,0,790.42,0,0,1336.55,0,0
12/08/21,1616.48,0,0,1355.2,0,0,1952.82,0,0,1029.66,0,0,762.7,0,0,1286.26,0,0
12/09/21,1413.58,0,0,1175.24,0,0,1707.7,0,0,898.48,0,0,665.58,0,0,1117.69,0,0
12/10/21,1083.52,0,0,912.56,0,0,1316.93,0,0,693,0,0,524.18,0,0,874.73,0,0
12/11/21,1065.98,0,0,892.42,0,0,1278.12,0,0,683.22,0,0,514.44,0,0,861.5,0,0
12/12/21,961.8,0,0,817.46,0,0,1156.28,0,0,616.06,0,0,461.56,0,0,772.01,0,0
12/13/21,1457.94,0.013480222,0.000924607,1222.42,1.138292036,0.093117917,1760.65,0.200793026,0.011404483,926.76,0.367132938,0.039614672,684.62,0.170293067,0.0248741,1157.91,0.454148516,0.0392214
12/14/21,1423.78,0.291439944,0.020469451,1194.48,0.111237181,0.009312603,1600.69,0,0,903.68,0,0,668.84,0,0,1126.98,0,0
12/15/21,1608.9,0.705381798,0.043842489,1356.58,0.47489919,0.035007091,1951.38,0.0252765,0.001295314,1029.18,0,0,775.34,0,0,1295.59,0.922105481,0.07117263
12/16/21,1735.58,0,0,1447.08,0,0,2087.16,0,0,1102.26,0,0,812.82,0,0,1372.26,0,0
12/17/21,1475.38,0,0,1245.86,0.097810516,0.007850843,1785.86,0,0,942.7,0,0,709.54,0,0,1189.96,0,0
12/18/21,1442.1,0,0,1210.3,0,0,1743.83,0,0,919.66,0,0,694,0,0,1160.53,0,0
12/19/21,1408.48,0,0,1188.84,0,0,1695.03,0,0,901.82,0,0,669.34,0,0,1123.91,0,0
12/20/21,1290.38,0,0,1098.24,0,0,1566.06,0,0,827.94,0,0,623.32,0,0,1045.28,0,0
12/21/21,1907.08,0,0,1603.92,0,0,2301.58,0,0,1220.42,0,0,899.36,0,0,1528.26,0,0
12/22/21,1580.82,0,0,1340.76,0,0,1915.42,0,0,1011.62,0,0,761.44,0,0,1281.58,0,0
12/23/21,1014.1,0,0,857.82,0,0,1224.06,0,0,649.72,0,0,486.48,0,0,813.57,0,0
12/24/21,1226.24,0,0,1039.58,0,0,1491.29,0,0,790.66,0,0,599.4,0,0,1006.51,0,0
12/25/21,974.28,0,0,818.5,0,0,1175.3,0,0,622.54,0,0,473.36,0,0,791.05,0,0
12/26/21,1271.3,0,0,1069.32,0,0,1529.95,0,0,815.62,0,0,611.22,0,0,1030.91,0,0
12/27/21,1854.98,0,0,1561.72,0,0,2250.83,0,0,1188.42,0,0,891.22,0,0,1502.41,0,0
12/28/21,1840.66,0,0,1538.6,0,0,2242.13,0,0,1170,0,0,866.98,0,0,1467.69,0,0
12/29/21,1371.439417,0,0,1141.7325,0,0,1657.1435,0,0,873.21925,0,0,651.56,0,0,1098.3525,0,0
12/30/21,1022.92,0,0,876.86,0,0,1236.93,0,0,659.82,0,0,497.2,0,0,831.79,0,0
12/31/21,234.38,0,0,199.94,0,0,281.16,0,0,150.48,0,0,114.2,0,0,188.69,0,0
01/01/22,848.86,0,0,711.2,0,0,1019.99,0,0,536.62,0,0,398.72,0,0,669.81,0,0
01/02/22,145.08,0,0,122.4,0,0,171.07,0,0,79.98,0,0,68.7,0,0,115.09,0,0
01/03/22,1316.66,0,0,1110.08,0,0,1575.96,0,0,725.5,0,0,620.22,0,0,1054.74,0,0
01/04/22,1201.92,0,0,1013.46,0,0,1451.65,0,0,667.82,0,0,580.72,0,0,976.67,0,0
01/05/22,1888.3,0,0,1595.9,0,0,2283.67,0,0,1044.36,0,0,907.96,0,0,1525.46,0,0
01/06/22,1920.94,0,0,1613.06,0,0,2315.92,0,0,1061.36,0,0,913.9,0,0,1549.87,0,0
01/07/22,1479.4,0,0,1242.36,0,0,1749.13,0,0,830.68,0,0,713.46,0,0,1212.87,0,0
01/08/22,912.8074167,0,0,773.6053333,0,0,1115.678,0,0,517.4908333,0,0,473.9708333,0,0,777.3586667,0,0
01/09/22,1592.94,0,0,1342.58,0,0,1929.57,0,0,1018.06,0,0,755.64,0,0,1285.78,0,0
01/10/22,1979.34,0,0,1663.56,0,0,2393.14,0,0,1266.66,0,0,939.36,0,0,1595.18,0,0
01/11/22,1832.32,0,0,1542.5,0,0,2191.8,0,0,1175.42,0,0,875.02,0,0,1483.1,0,0
01/12/22,1586.32,0,0,1329.26,0,0,1897.39,0,0,1018,0,0,742.46,0,0,1269.68,0,0
01/13/22,1966.08,0,0,1635.36,0,0,2390.6,0,0,1242.64,0,0,913.3,0,0,1550.47,0,0
01/14/22,1826.76,0,0,1526.54,0,0,2219.52,0,0,1161.8,0,0,859.38,0,0,1456.6,0,0
01/15/22,1988.02,0,0,1682.8,0,0,2398.38,0,0,1279.56,0,0,945.28,0,0,1602.37,0,0
01/16/22,1753.14,0,0,1479.82,0,0,2118.86,0,0,1124.38,0,0,822.42,0,0,1395.54,0,0
01/17/22,1135.6,0,0,963.56,0,0,1372.78,0,0,731.94,0,0,549.2,0,0,921.3,0,0
01/18/22,1833.3,0,0,1544.7,0,0,2218.51,0,0,1171.52,0,0,865.62,0,0,1466.08,0,0
01/19/22,1569.58,0.631645474,0.040242961,1314.96,0.195406426,0.014860256,1890.88,0.132710062,0.007018429,1006.78,0,0,749.14,0,0,1266.64,0.404403389,0.031927255
01/20/22,1621.02,0,0,1364.84,0,0,1950.89,0,0,1032.42,0,0,766.36,0,0,1295.28,0,0
01/21/22,1854.3,0.017893552,0.000964976,1548.48,0,0,2213.6,0,0,1177.66,0,0,861.4,0,0,1463.04,0,0
01/22/22,1778.5,0,0,1499.48,0,0,2152.66,0,0,1130.32,0,0,840.52,0,0,1424.46,0,0
01/23/22,2140.22,0,0,1810.86,0,0,2601.58,0,0,1366.68,0,0,1022.46,0,0,1730.42,0,0
01/24/22,1615.3,0,0,1298.22,0,0,1896.72,0,0,1032.74,0,0,774.82,0,0,1304.48,0,0
01/25/22,2100.14,0,0,1586.32,0,0,2360.689667,0,0,1332.74,0,0,1001.78,0,0,1684.72,0,0
01/26/22,1850.26,0,0,1390.42,0,0,2036.86,0,0,1182.08,0,0,866.4,0,0,1477.36,0,0
01/27/22,1751.82,0,0,1441.5,0,0,2066.96,0,0,1124.96,0,0,836.16,0,0,1414.74,0,0
